,Input.image,Input.image,absolute-clarity-vs-relative-clarity,multiplicity-vs-unity,Linearly-vs-Painterly,Planar-vs-Recessional,closed-form-vs-open-form,amusement,anger,awe,contentment,disgust,excitement,fear,sadness,something else,overall_negative,overall_positive,overall_something
0,https://crw2020.s3-us-west-2.amazonaws.com/sg2/Plain-ST2_human_evaluation/highest_NN_dist000005.png,https://crw2020.s3-us-west-2.amazonaws.com/sg2/Plain-ST2_human_evaluation/highest_NN_dist000005.png,0.45,0.9,0.8,0.45,0.75,1,0,0,2,0,0,0,0,2,0,1,0
1,https://crw2020.s3-us-west-2.amazonaws.com/sg2/Plain-ST2_human_evaluation/highest_NN_dist000018.png,https://crw2020.s3-us-west-2.amazonaws.com/sg2/Plain-ST2_human_evaluation/highest_NN_dist000018.png,0.6,0.65,0.85,0.55,0.75,0,0,0,0,0,0,4,1,0,1,0,0
2,https://crw2020.s3-us-west-2.amazonaws.com/sg2/Plain-ST2_human_evaluation/highest_NN_dist000043.png,https://crw2020.s3-us-west-2.amazonaws.com/sg2/Plain-ST2_human_evaluation/highest_NN_dist000043.png,0.55,0.55,0.55,0.5,0.55,0,0,0,0,2,0,0,0,3,0,0,1
3,https://crw2020.s3-us-west-2.amazonaws.com/sg2/Plain-ST2_human_evaluation/highest_NN_dist000051.png,https://crw2020.s3-us-west-2.amazonaws.com/sg2/Plain-ST2_human_evaluation/highest_NN_dist000051.png,0.6,1.0,0.4,0.4,0.5,0,0,0,1,0,1,2,0,1,0,1,0
4,https://crw2020.s3-us-west-2.amazonaws.com/sg2/Plain-ST2_human_evaluation/highest_NN_dist000052.png,https://crw2020.s3-us-west-2.amazonaws.com/sg2/Plain-ST2_human_evaluation/highest_NN_dist000052.png,0.6,0.8,0.85,0.3,0.55,1,0,0,0,2,0,0,0,2,1,0,0
5,https://crw2020.s3-us-west-2.amazonaws.com/sg2/Plain-ST2_human_evaluation/highest_NN_dist000054.png,https://crw2020.s3-us-west-2.amazonaws.com/sg2/Plain-ST2_human_evaluation/highest_NN_dist000054.png,0.75,0.65,0.85,0.95,0.8,0,0,1,0,0,1,0,0,3,0,0,1
6,https://crw2020.s3-us-west-2.amazonaws.com/sg2/Plain-ST2_human_evaluation/highest_NN_dist000065.png,https://crw2020.s3-us-west-2.amazonaws.com/sg2/Plain-ST2_human_evaluation/highest_NN_dist000065.png,0.5,0.75,0.5,0.2,0.5,0,0,0,0,0,2,0,0,3,0,0,1
7,https://crw2020.s3-us-west-2.amazonaws.com/sg2/Plain-ST2_human_evaluation/highest_NN_dist000071.png,https://crw2020.s3-us-west-2.amazonaws.com/sg2/Plain-ST2_human_evaluation/highest_NN_dist000071.png,0.7,0.7,0.8,0.65,0.85,0,1,0,1,2,0,0,0,1,1,0,0
8,https://crw2020.s3-us-west-2.amazonaws.com/sg2/Plain-ST2_human_evaluation/highest_NN_dist000077.png,https://crw2020.s3-us-west-2.amazonaws.com/sg2/Plain-ST2_human_evaluation/highest_NN_dist000077.png,0.85,0.75,0.8,0.8,0.7,1,0,1,0,0,0,3,0,0,1,0,0
9,https://crw2020.s3-us-west-2.amazonaws.com/sg2/Plain-ST2_human_evaluation/highest_NN_dist000092.png,https://crw2020.s3-us-west-2.amazonaws.com/sg2/Plain-ST2_human_evaluation/highest_NN_dist000092.png,0.45,0.8,0.8,0.15,0.75,0,0,0,0,2,0,2,0,1,1,0,0
10,https://crw2020.s3-us-west-2.amazonaws.com/sg2/Plain-ST2_human_evaluation/highest_NN_dist000093.png,https://crw2020.s3-us-west-2.amazonaws.com/sg2/Plain-ST2_human_evaluation/highest_NN_dist000093.png,0.4,0.4,0.75,0.6,0.3,0,0,1,0,0,0,0,2,2,1,0,0
11,https://crw2020.s3-us-west-2.amazonaws.com/sg2/Plain-ST2_human_evaluation/highest_NN_dist000098.png,https://crw2020.s3-us-west-2.amazonaws.com/sg2/Plain-ST2_human_evaluation/highest_NN_dist000098.png,0.55,0.85,0.8,0.6,0.65,1,0,0,0,1,0,3,0,0,1,0,0
12,https://crw2020.s3-us-west-2.amazonaws.com/sg2/Plain-ST2_human_evaluation/highest_NN_dist000101.png,https://crw2020.s3-us-west-2.amazonaws.com/sg2/Plain-ST2_human_evaluation/highest_NN_dist000101.png,0.55,0.65,0.55,0.25,0.5,1,0,0,0,0,2,0,0,2,0,1,0
13,https://crw2020.s3-us-west-2.amazonaws.com/sg2/Plain-ST2_human_evaluation/highest_NN_dist000129.png,https://crw2020.s3-us-west-2.amazonaws.com/sg2/Plain-ST2_human_evaluation/highest_NN_dist000129.png,0.7,0.55,0.8,0.55,0.5,0,0,0,0,0,0,3,1,1,1,0,0
14,https://crw2020.s3-us-west-2.amazonaws.com/sg2/Plain-ST2_human_evaluation/highest_NN_dist000133.png,https://crw2020.s3-us-west-2.amazonaws.com/sg2/Plain-ST2_human_evaluation/highest_NN_dist000133.png,0.55,0.8,0.85,0.6,0.55,0,0,0,0,1,0,1,2,1,1,0,0
15,https://crw2020.s3-us-west-2.amazonaws.com/sg2/Plain-ST2_human_evaluation/highest_NN_dist000151.png,https://crw2020.s3-us-west-2.amazonaws.com/sg2/Plain-ST2_human_evaluation/highest_NN_dist000151.png,0.4,0.7,0.75,0.35,0.55,0,0,1,0,0,1,2,1,0,1,0,0
16,https://crw2020.s3-us-west-2.amazonaws.com/sg2/Plain-ST2_human_evaluation/highest_NN_dist000165.png,https://crw2020.s3-us-west-2.amazonaws.com/sg2/Plain-ST2_human_evaluation/highest_NN_dist000165.png,0.7,0.55,0.9,0.4,0.45,1,0,1,0,0,0,1,1,1,0,1,0
17,https://crw2020.s3-us-west-2.amazonaws.com/sg2/Plain-ST2_human_evaluation/highest_NN_dist000166.png,https://crw2020.s3-us-west-2.amazonaws.com/sg2/Plain-ST2_human_evaluation/highest_NN_dist000166.png,0.55,0.8,0.8,0.65,0.65,0,0,1,0,0,0,1,1,2,1,0,0
18,https://crw2020.s3-us-west-2.amazonaws.com/sg2/Plain-ST2_human_evaluation/highest_NN_dist000168.png,https://crw2020.s3-us-west-2.amazonaws.com/sg2/Plain-ST2_human_evaluation/highest_NN_dist000168.png,0.45,0.7,0.8,0.85,0.65,0,0,2,2,0,0,0,1,0,0,1,0
19,https://crw2020.s3-us-west-2.amazonaws.com/sg2/Plain-ST2_human_evaluation/highest_NN_dist000175.png,https://crw2020.s3-us-west-2.amazonaws.com/sg2/Plain-ST2_human_evaluation/highest_NN_dist000175.png,0.35,0.5,0.35,0.1,0.6,0,0,1,0,2,1,0,0,1,0,1,0
20,https://crw2020.s3-us-west-2.amazonaws.com/sg2/Plain-ST2_human_evaluation/highest_NN_dist000179.png,https://crw2020.s3-us-west-2.amazonaws.com/sg2/Plain-ST2_human_evaluation/highest_NN_dist000179.png,0.7,0.75,0.7,0.3,0.65,1,0,0,1,1,0,1,1,0,1,0,0
21,https://crw2020.s3-us-west-2.amazonaws.com/sg2/Plain-ST2_human_evaluation/highest_NN_dist000185.png,https://crw2020.s3-us-west-2.amazonaws.com/sg2/Plain-ST2_human_evaluation/highest_NN_dist000185.png,0.85,0.7,0.85,0.65,0.7,0,0,0,1,0,0,1,2,1,1,0,0
22,https://crw2020.s3-us-west-2.amazonaws.com/sg2/Plain-ST2_human_evaluation/highest_NN_dist000187.png,https://crw2020.s3-us-west-2.amazonaws.com/sg2/Plain-ST2_human_evaluation/highest_NN_dist000187.png,0.85,0.55,0.95,0.5,0.9,1,1,0,1,0,0,2,0,0,1,0,0
23,https://crw2020.s3-us-west-2.amazonaws.com/sg2/Plain-ST2_human_evaluation/highest_NN_dist000198.png,https://crw2020.s3-us-west-2.amazonaws.com/sg2/Plain-ST2_human_evaluation/highest_NN_dist000198.png,0.55,0.55,0.95,0.7,0.8,0,0,1,0,0,1,0,2,1,0,1,0
24,https://crw2020.s3-us-west-2.amazonaws.com/sg2/Plain-ST2_human_evaluation/highest_NN_dist000208.png,https://crw2020.s3-us-west-2.amazonaws.com/sg2/Plain-ST2_human_evaluation/highest_NN_dist000208.png,0.5,0.65,0.6,0.2,0.55,3,1,0,0,1,0,0,0,0,0,1,0
25,https://crw2020.s3-us-west-2.amazonaws.com/sg2/Plain-ST2_human_evaluation/highest_NN_dist000220.png,https://crw2020.s3-us-west-2.amazonaws.com/sg2/Plain-ST2_human_evaluation/highest_NN_dist000220.png,0.65,0.75,0.9,0.3,0.35,0,0,1,0,2,1,1,0,0,1,0,0
26,https://crw2020.s3-us-west-2.amazonaws.com/sg2/Plain-ST2_human_evaluation/highest_NN_dist000225.png,https://crw2020.s3-us-west-2.amazonaws.com/sg2/Plain-ST2_human_evaluation/highest_NN_dist000225.png,0.6,0.75,0.9,0.65,0.65,0,0,2,0,0,0,2,1,0,1,0,0
27,https://crw2020.s3-us-west-2.amazonaws.com/sg2/Plain-ST2_human_evaluation/highest_NN_dist000230.png,https://crw2020.s3-us-west-2.amazonaws.com/sg2/Plain-ST2_human_evaluation/highest_NN_dist000230.png,0.65,0.4,0.7,0.45,0.5,0,0,0,0,4,0,1,0,0,1,0,0
28,https://crw2020.s3-us-west-2.amazonaws.com/sg2/Plain-ST2_human_evaluation/highest_NN_dist000236.png,https://crw2020.s3-us-west-2.amazonaws.com/sg2/Plain-ST2_human_evaluation/highest_NN_dist000236.png,0.7,0.8,0.65,0.4,0.55,1,0,0,1,0,0,0,2,1,0,1,0
29,https://crw2020.s3-us-west-2.amazonaws.com/sg2/Plain-ST2_human_evaluation/highest_NN_dist000237.png,https://crw2020.s3-us-west-2.amazonaws.com/sg2/Plain-ST2_human_evaluation/highest_NN_dist000237.png,0.45,0.45,0.7,0.65,0.7,0,0,1,1,0,0,1,0,2,0,1,0
30,https://crw2020.s3-us-west-2.amazonaws.com/sg2/Plain-ST2_human_evaluation/highest_NN_dist000254.png,https://crw2020.s3-us-west-2.amazonaws.com/sg2/Plain-ST2_human_evaluation/highest_NN_dist000254.png,0.45,0.6,0.4,0.5,0.4,0,0,0,1,0,1,2,1,0,1,0,0
31,https://crw2020.s3-us-west-2.amazonaws.com/sg2/Plain-ST2_human_evaluation/highest_NN_dist000259.png,https://crw2020.s3-us-west-2.amazonaws.com/sg2/Plain-ST2_human_evaluation/highest_NN_dist000259.png,0.8,0.5,0.85,0.35,0.3,1,0,1,1,1,0,0,0,1,0,1,0
32,https://crw2020.s3-us-west-2.amazonaws.com/sg2/Plain-ST2_human_evaluation/highest_NN_dist000261.png,https://crw2020.s3-us-west-2.amazonaws.com/sg2/Plain-ST2_human_evaluation/highest_NN_dist000261.png,0.75,0.95,0.8,0.65,0.8,0,0,0,1,0,0,2,1,1,1,0,0
33,https://crw2020.s3-us-west-2.amazonaws.com/sg2/Plain-ST2_human_evaluation/highest_NN_dist000268.png,https://crw2020.s3-us-west-2.amazonaws.com/sg2/Plain-ST2_human_evaluation/highest_NN_dist000268.png,0.45,0.7,0.75,0.8,0.75,0,0,0,1,0,1,1,1,1,0,1,0
34,https://crw2020.s3-us-west-2.amazonaws.com/sg2/Plain-ST2_human_evaluation/highest_NN_dist000276.png,https://crw2020.s3-us-west-2.amazonaws.com/sg2/Plain-ST2_human_evaluation/highest_NN_dist000276.png,0.65,0.7,0.7,0.75,0.4,0,1,0,0,2,1,1,0,0,1,0,0
35,https://crw2020.s3-us-west-2.amazonaws.com/sg2/Plain-ST2_human_evaluation/highest_NN_dist000280.png,https://crw2020.s3-us-west-2.amazonaws.com/sg2/Plain-ST2_human_evaluation/highest_NN_dist000280.png,0.35,0.55,0.7,0.25,0.5,0,1,0,2,0,0,0,1,1,0,1,0
36,https://crw2020.s3-us-west-2.amazonaws.com/sg2/Plain-ST2_human_evaluation/highest_NN_dist000303.png,https://crw2020.s3-us-west-2.amazonaws.com/sg2/Plain-ST2_human_evaluation/highest_NN_dist000303.png,0.6,0.7,0.7,0.4,0.65,0,0,0,1,0,0,4,0,0,1,0,0
37,https://crw2020.s3-us-west-2.amazonaws.com/sg2/Plain-ST2_human_evaluation/highest_NN_dist000311.png,https://crw2020.s3-us-west-2.amazonaws.com/sg2/Plain-ST2_human_evaluation/highest_NN_dist000311.png,0.45,0.8,0.9,0.4,0.55,2,0,0,0,0,1,2,0,0,0,1,0
38,https://crw2020.s3-us-west-2.amazonaws.com/sg2/Plain-ST2_human_evaluation/highest_NN_dist000316.png,https://crw2020.s3-us-west-2.amazonaws.com/sg2/Plain-ST2_human_evaluation/highest_NN_dist000316.png,0.3,0.8,0.8,0.85,0.7,0,1,0,2,0,1,1,0,0,0,1,0
39,https://crw2020.s3-us-west-2.amazonaws.com/sg2/Plain-ST2_human_evaluation/highest_NN_dist000331.png,https://crw2020.s3-us-west-2.amazonaws.com/sg2/Plain-ST2_human_evaluation/highest_NN_dist000331.png,0.7,0.8,0.7,0.6,0.75,0,0,2,0,0,0,2,0,1,0,1,0
40,https://crw2020.s3-us-west-2.amazonaws.com/sg2/Plain-ST2_human_evaluation/highest_NN_dist000337.png,https://crw2020.s3-us-west-2.amazonaws.com/sg2/Plain-ST2_human_evaluation/highest_NN_dist000337.png,0.55,0.75,0.6,0.45,0.35,0,0,0,2,1,1,1,0,0,0,1,0
41,https://crw2020.s3-us-west-2.amazonaws.com/sg2/Plain-ST2_human_evaluation/highest_NN_dist000339.png,https://crw2020.s3-us-west-2.amazonaws.com/sg2/Plain-ST2_human_evaluation/highest_NN_dist000339.png,0.75,0.65,0.85,0.6,0.55,0,0,0,0,0,2,0,1,2,0,1,0
42,https://crw2020.s3-us-west-2.amazonaws.com/sg2/Plain-ST2_human_evaluation/highest_NN_dist000366.png,https://crw2020.s3-us-west-2.amazonaws.com/sg2/Plain-ST2_human_evaluation/highest_NN_dist000366.png,0.65,0.7,0.55,0.2,0.6,0,0,1,0,0,0,3,1,0,1,0,0
43,https://crw2020.s3-us-west-2.amazonaws.com/sg2/Plain-ST2_human_evaluation/highest_NN_dist000378.png,https://crw2020.s3-us-west-2.amazonaws.com/sg2/Plain-ST2_human_evaluation/highest_NN_dist000378.png,0.7,0.45,0.95,0.6,0.8,0,0,0,1,2,0,1,1,0,1,0,0
44,https://crw2020.s3-us-west-2.amazonaws.com/sg2/Plain-ST2_human_evaluation/highest_NN_dist000399.png,https://crw2020.s3-us-west-2.amazonaws.com/sg2/Plain-ST2_human_evaluation/highest_NN_dist000399.png,0.75,0.8,0.9,0.6,0.75,1,0,0,0,0,0,3,0,1,1,0,0
45,https://crw2020.s3-us-west-2.amazonaws.com/sg2/Plain-ST2_human_evaluation/highest_NN_dist000406.png,https://crw2020.s3-us-west-2.amazonaws.com/sg2/Plain-ST2_human_evaluation/highest_NN_dist000406.png,0.7,0.85,0.6,0.5,0.65,0,0,1,2,0,1,0,0,1,0,1,0
46,https://crw2020.s3-us-west-2.amazonaws.com/sg2/Plain-ST2_human_evaluation/highest_NN_dist000423.png,https://crw2020.s3-us-west-2.amazonaws.com/sg2/Plain-ST2_human_evaluation/highest_NN_dist000423.png,0.75,0.75,0.8,0.7,0.7,0,0,0,0,0,1,4,0,0,1,0,0
47,https://crw2020.s3-us-west-2.amazonaws.com/sg2/Plain-ST2_human_evaluation/highest_NN_dist000428.png,https://crw2020.s3-us-west-2.amazonaws.com/sg2/Plain-ST2_human_evaluation/highest_NN_dist000428.png,0.7,0.85,0.85,0.75,0.7,0,0,3,0,0,0,2,0,0,0,1,0
48,https://crw2020.s3-us-west-2.amazonaws.com/sg2/Plain-ST2_human_evaluation/highest_NN_dist000430.png,https://crw2020.s3-us-west-2.amazonaws.com/sg2/Plain-ST2_human_evaluation/highest_NN_dist000430.png,0.6,0.7,0.6,0.85,0.5,0,0,1,1,1,0,1,1,0,1,0,0
49,https://crw2020.s3-us-west-2.amazonaws.com/sg2/Plain-ST2_human_evaluation/highest_NN_dist000454.png,https://crw2020.s3-us-west-2.amazonaws.com/sg2/Plain-ST2_human_evaluation/highest_NN_dist000454.png,0.4,0.3,0.65,0.65,0.35,1,0,0,1,0,0,1,1,1,0,1,0
50,https://crw2020.s3-us-west-2.amazonaws.com/sg2/Plain-ST2_human_evaluation/highest_NN_dist000461.png,https://crw2020.s3-us-west-2.amazonaws.com/sg2/Plain-ST2_human_evaluation/highest_NN_dist000461.png,0.75,0.6,0.65,0.35,0.5,0,0,0,0,3,1,0,0,1,1,0,0
51,https://crw2020.s3-us-west-2.amazonaws.com/sg2/Plain-ST2_human_evaluation/highest_NN_dist000469.png,https://crw2020.s3-us-west-2.amazonaws.com/sg2/Plain-ST2_human_evaluation/highest_NN_dist000469.png,0.6,0.5,0.75,0.8,0.75,0,1,1,0,0,0,2,1,0,1,0,0
52,https://crw2020.s3-us-west-2.amazonaws.com/sg2/Plain-ST2_human_evaluation/highest_NN_dist000493.png,https://crw2020.s3-us-west-2.amazonaws.com/sg2/Plain-ST2_human_evaluation/highest_NN_dist000493.png,0.45,0.85,0.95,0.35,0.45,0,0,1,0,1,0,2,0,1,1,0,0
53,https://crw2020.s3-us-west-2.amazonaws.com/sg2/Plain-ST2_human_evaluation/highest_NN_dist000533.png,https://crw2020.s3-us-west-2.amazonaws.com/sg2/Plain-ST2_human_evaluation/highest_NN_dist000533.png,0.4,0.8,0.75,0.5,0.55,0,0,2,1,0,1,0,0,1,0,1,0
54,https://crw2020.s3-us-west-2.amazonaws.com/sg2/Plain-ST2_human_evaluation/highest_NN_dist000561.png,https://crw2020.s3-us-west-2.amazonaws.com/sg2/Plain-ST2_human_evaluation/highest_NN_dist000561.png,0.5,0.7,0.8,0.55,0.8,0,0,0,0,0,0,3,1,1,1,0,0
55,https://crw2020.s3-us-west-2.amazonaws.com/sg2/Plain-ST2_human_evaluation/highest_NN_dist000562.png,https://crw2020.s3-us-west-2.amazonaws.com/sg2/Plain-ST2_human_evaluation/highest_NN_dist000562.png,0.8,0.85,0.7,0.4,0.5,0,0,0,0,1,0,1,2,1,1,0,0
56,https://crw2020.s3-us-west-2.amazonaws.com/sg2/Plain-ST2_human_evaluation/highest_NN_dist000586.png,https://crw2020.s3-us-west-2.amazonaws.com/sg2/Plain-ST2_human_evaluation/highest_NN_dist000586.png,0.6,0.85,0.8,0.6,0.65,0,0,1,1,0,0,3,0,0,1,0,0
57,https://crw2020.s3-us-west-2.amazonaws.com/sg2/Plain-ST2_human_evaluation/highest_NN_dist000598.png,https://crw2020.s3-us-west-2.amazonaws.com/sg2/Plain-ST2_human_evaluation/highest_NN_dist000598.png,0.3,0.25,0.6,0.35,0.7,2,0,0,2,0,0,1,0,0,0,1,0
58,https://crw2020.s3-us-west-2.amazonaws.com/sg2/Plain-ST2_human_evaluation/highest_NN_dist000603.png,https://crw2020.s3-us-west-2.amazonaws.com/sg2/Plain-ST2_human_evaluation/highest_NN_dist000603.png,0.45,0.5,0.75,0.65,0.55,1,0,1,0,1,0,0,0,2,0,1,0
59,https://crw2020.s3-us-west-2.amazonaws.com/sg2/Plain-ST2_human_evaluation/highest_NN_dist000615.png,https://crw2020.s3-us-west-2.amazonaws.com/sg2/Plain-ST2_human_evaluation/highest_NN_dist000615.png,0.4,0.7,0.6,0.5,0.5,0,0,0,0,0,0,3,1,1,1,0,0
60,https://crw2020.s3-us-west-2.amazonaws.com/sg2/Plain-ST2_human_evaluation/highest_NN_dist000625.png,https://crw2020.s3-us-west-2.amazonaws.com/sg2/Plain-ST2_human_evaluation/highest_NN_dist000625.png,0.7,0.7,0.65,0.8,0.65,0,0,0,0,0,1,4,0,0,1,0,0
61,https://crw2020.s3-us-west-2.amazonaws.com/sg2/Plain-ST2_human_evaluation/highest_NN_dist000636.png,https://crw2020.s3-us-west-2.amazonaws.com/sg2/Plain-ST2_human_evaluation/highest_NN_dist000636.png,0.5,0.8,0.95,0.4,0.7,0,0,1,0,2,0,1,0,1,1,0,0
62,https://crw2020.s3-us-west-2.amazonaws.com/sg2/Plain-ST2_human_evaluation/highest_NN_dist000641.png,https://crw2020.s3-us-west-2.amazonaws.com/sg2/Plain-ST2_human_evaluation/highest_NN_dist000641.png,0.4,0.6,0.85,0.45,0.6,0,1,1,0,0,1,2,0,0,1,0,0
63,https://crw2020.s3-us-west-2.amazonaws.com/sg2/Plain-ST2_human_evaluation/highest_NN_dist000656.png,https://crw2020.s3-us-west-2.amazonaws.com/sg2/Plain-ST2_human_evaluation/highest_NN_dist000656.png,0.6,0.45,0.7,0.5,0.55,0,0,0,1,0,2,0,1,1,0,1,0
64,https://crw2020.s3-us-west-2.amazonaws.com/sg2/Plain-ST2_human_evaluation/highest_NN_dist000673.png,https://crw2020.s3-us-west-2.amazonaws.com/sg2/Plain-ST2_human_evaluation/highest_NN_dist000673.png,0.5,0.45,0.8,0.35,0.4,1,2,0,0,2,0,0,0,0,1,0,0
65,https://crw2020.s3-us-west-2.amazonaws.com/sg2/Plain-ST2_human_evaluation/highest_NN_dist000683.png,https://crw2020.s3-us-west-2.amazonaws.com/sg2/Plain-ST2_human_evaluation/highest_NN_dist000683.png,0.75,0.9,0.75,0.5,0.75,0,0,1,0,0,1,1,0,2,0,1,0
66,https://crw2020.s3-us-west-2.amazonaws.com/sg2/Plain-ST2_human_evaluation/highest_NN_dist000716.png,https://crw2020.s3-us-west-2.amazonaws.com/sg2/Plain-ST2_human_evaluation/highest_NN_dist000716.png,0.4,0.75,0.75,0.55,0.6,1,0,1,0,0,0,0,2,1,0,1,0
67,https://crw2020.s3-us-west-2.amazonaws.com/sg2/Plain-ST2_human_evaluation/highest_NN_dist000729.png,https://crw2020.s3-us-west-2.amazonaws.com/sg2/Plain-ST2_human_evaluation/highest_NN_dist000729.png,0.6,0.7,0.65,0.7,0.7,0,0,1,1,1,0,0,1,1,0,1,0
68,https://crw2020.s3-us-west-2.amazonaws.com/sg2/Plain-ST2_human_evaluation/highest_NN_dist000750.png,https://crw2020.s3-us-west-2.amazonaws.com/sg2/Plain-ST2_human_evaluation/highest_NN_dist000750.png,0.65,0.85,0.8,0.55,0.7,0,0,1,0,0,0,2,1,1,1,0,0
69,https://crw2020.s3-us-west-2.amazonaws.com/sg2/Plain-ST2_human_evaluation/highest_NN_dist000752.png,https://crw2020.s3-us-west-2.amazonaws.com/sg2/Plain-ST2_human_evaluation/highest_NN_dist000752.png,0.75,0.85,0.65,0.65,0.5,1,0,2,0,0,1,0,0,1,0,1,0
70,https://crw2020.s3-us-west-2.amazonaws.com/sg2/Plain-ST2_human_evaluation/highest_NN_dist000768.png,https://crw2020.s3-us-west-2.amazonaws.com/sg2/Plain-ST2_human_evaluation/highest_NN_dist000768.png,0.5,0.7,0.85,0.35,0.55,3,0,0,0,0,2,0,0,0,0,1,0
71,https://crw2020.s3-us-west-2.amazonaws.com/sg2/Plain-ST2_human_evaluation/highest_NN_dist000772.png,https://crw2020.s3-us-west-2.amazonaws.com/sg2/Plain-ST2_human_evaluation/highest_NN_dist000772.png,0.55,0.6,0.65,0.55,0.75,0,0,0,1,2,2,0,0,0,0,1,0
72,https://crw2020.s3-us-west-2.amazonaws.com/sg2/Plain-ST2_human_evaluation/highest_NN_dist000787.png,https://crw2020.s3-us-west-2.amazonaws.com/sg2/Plain-ST2_human_evaluation/highest_NN_dist000787.png,0.65,0.85,0.8,0.3,0.65,0,0,0,0,1,0,2,0,2,1,0,0
73,https://crw2020.s3-us-west-2.amazonaws.com/sg2/Plain-ST2_human_evaluation/highest_NN_dist000788.png,https://crw2020.s3-us-west-2.amazonaws.com/sg2/Plain-ST2_human_evaluation/highest_NN_dist000788.png,0.45,0.75,0.8,0.6,0.5,0,0,0,1,0,1,0,1,2,0,1,0
74,https://crw2020.s3-us-west-2.amazonaws.com/sg2/Plain-ST2_human_evaluation/highest_NN_dist000794.png,https://crw2020.s3-us-west-2.amazonaws.com/sg2/Plain-ST2_human_evaluation/highest_NN_dist000794.png,0.8,0.7,0.5,0.2,0.5,1,0,0,1,0,2,0,1,0,0,1,0
75,https://crw2020.s3-us-west-2.amazonaws.com/sg2/Plain-ST2_human_evaluation/highest_NN_dist000799.png,https://crw2020.s3-us-west-2.amazonaws.com/sg2/Plain-ST2_human_evaluation/highest_NN_dist000799.png,0.55,0.5,0.95,0.3,0.55,0,0,0,1,2,0,1,0,1,1,0,0
76,https://crw2020.s3-us-west-2.amazonaws.com/sg2/Plain-ST2_human_evaluation/highest_NN_dist000808.png,https://crw2020.s3-us-west-2.amazonaws.com/sg2/Plain-ST2_human_evaluation/highest_NN_dist000808.png,0.5,0.8,0.65,0.15,0.45,1,1,0,0,0,0,0,3,0,1,0,0
77,https://crw2020.s3-us-west-2.amazonaws.com/sg2/Plain-ST2_human_evaluation/highest_NN_dist000809.png,https://crw2020.s3-us-west-2.amazonaws.com/sg2/Plain-ST2_human_evaluation/highest_NN_dist000809.png,0.4,0.75,0.85,0.7,0.75,0,0,0,2,0,1,0,2,0,0,1,0
78,https://crw2020.s3-us-west-2.amazonaws.com/sg2/Plain-ST2_human_evaluation/highest_NN_dist000819.png,https://crw2020.s3-us-west-2.amazonaws.com/sg2/Plain-ST2_human_evaluation/highest_NN_dist000819.png,0.6,0.85,0.65,0.4,0.65,0,0,0,1,0,0,1,0,3,0,0,1
79,https://crw2020.s3-us-west-2.amazonaws.com/sg2/Plain-ST2_human_evaluation/highest_NN_dist000820.png,https://crw2020.s3-us-west-2.amazonaws.com/sg2/Plain-ST2_human_evaluation/highest_NN_dist000820.png,0.55,0.8,0.75,0.55,0.65,0,0,0,2,1,0,1,0,1,0,1,0
80,https://crw2020.s3-us-west-2.amazonaws.com/sg2/Plain-ST2_human_evaluation/highest_NN_dist000822.png,https://crw2020.s3-us-west-2.amazonaws.com/sg2/Plain-ST2_human_evaluation/highest_NN_dist000822.png,0.5,0.6,0.85,0.6,0.8,0,0,2,0,0,1,2,0,0,0,1,0
81,https://crw2020.s3-us-west-2.amazonaws.com/sg2/Plain-ST2_human_evaluation/highest_NN_dist000825.png,https://crw2020.s3-us-west-2.amazonaws.com/sg2/Plain-ST2_human_evaluation/highest_NN_dist000825.png,0.65,0.9,0.85,0.65,0.5,1,2,0,0,0,1,1,0,0,1,0,0
82,https://crw2020.s3-us-west-2.amazonaws.com/sg2/Plain-ST2_human_evaluation/highest_NN_dist000842.png,https://crw2020.s3-us-west-2.amazonaws.com/sg2/Plain-ST2_human_evaluation/highest_NN_dist000842.png,0.55,0.7,0.9,0.6,0.7,1,0,0,1,0,1,1,0,1,0,1,0
83,https://crw2020.s3-us-west-2.amazonaws.com/sg2/Plain-ST2_human_evaluation/highest_NN_dist000875.png,https://crw2020.s3-us-west-2.amazonaws.com/sg2/Plain-ST2_human_evaluation/highest_NN_dist000875.png,0.65,0.8,0.8,0.75,0.5,0,0,1,1,0,0,1,1,1,0,1,0
84,https://crw2020.s3-us-west-2.amazonaws.com/sg2/Plain-ST2_human_evaluation/highest_NN_dist000879.png,https://crw2020.s3-us-west-2.amazonaws.com/sg2/Plain-ST2_human_evaluation/highest_NN_dist000879.png,0.6,0.5,0.9,0.4,0.8,1,0,0,0,1,0,3,0,0,1,0,0
85,https://crw2020.s3-us-west-2.amazonaws.com/sg2/Plain-ST2_human_evaluation/highest_NN_dist000893.png,https://crw2020.s3-us-west-2.amazonaws.com/sg2/Plain-ST2_human_evaluation/highest_NN_dist000893.png,0.55,0.6,0.85,0.6,0.65,0,0,1,1,1,0,1,1,0,1,0,0
86,https://crw2020.s3-us-west-2.amazonaws.com/sg2/Plain-ST2_human_evaluation/highest_NN_dist000895.png,https://crw2020.s3-us-west-2.amazonaws.com/sg2/Plain-ST2_human_evaluation/highest_NN_dist000895.png,0.85,0.8,0.7,0.3,0.5,0,0,0,0,1,0,2,0,2,1,0,0
87,https://crw2020.s3-us-west-2.amazonaws.com/sg2/Plain-ST2_human_evaluation/highest_NN_dist000906.png,https://crw2020.s3-us-west-2.amazonaws.com/sg2/Plain-ST2_human_evaluation/highest_NN_dist000906.png,0.8,0.9,0.9,0.6,0.9,1,1,1,0,0,1,1,0,0,0,1,0
88,https://crw2020.s3-us-west-2.amazonaws.com/sg2/Plain-ST2_human_evaluation/highest_NN_dist000928.png,https://crw2020.s3-us-west-2.amazonaws.com/sg2/Plain-ST2_human_evaluation/highest_NN_dist000928.png,0.6,0.7,0.7,0.9,0.7,1,0,1,2,0,0,0,0,1,0,1,0
89,https://crw2020.s3-us-west-2.amazonaws.com/sg2/Plain-ST2_human_evaluation/highest_NN_dist000932.png,https://crw2020.s3-us-west-2.amazonaws.com/sg2/Plain-ST2_human_evaluation/highest_NN_dist000932.png,0.55,0.6,0.9,0.65,0.85,1,0,1,2,0,0,0,0,1,0,1,0
90,https://crw2020.s3-us-west-2.amazonaws.com/sg2/Plain-ST2_human_evaluation/highest_NN_dist000938.png,https://crw2020.s3-us-west-2.amazonaws.com/sg2/Plain-ST2_human_evaluation/highest_NN_dist000938.png,0.6,0.75,0.8,0.8,0.55,0,0,1,2,1,0,1,0,0,0,1,0
91,https://crw2020.s3-us-west-2.amazonaws.com/sg2/Plain-ST2_human_evaluation/highest_NN_dist000943.png,https://crw2020.s3-us-west-2.amazonaws.com/sg2/Plain-ST2_human_evaluation/highest_NN_dist000943.png,0.8,0.8,0.9,0.8,0.8,0,0,0,0,0,0,0,3,2,1,0,0
92,https://crw2020.s3-us-west-2.amazonaws.com/sg2/Plain-ST2_human_evaluation/highest_NN_dist000948.png,https://crw2020.s3-us-west-2.amazonaws.com/sg2/Plain-ST2_human_evaluation/highest_NN_dist000948.png,0.5,0.5,0.6,0.55,0.6,0,0,0,0,1,0,3,0,1,1,0,0
93,https://crw2020.s3-us-west-2.amazonaws.com/sg2/Plain-ST2_human_evaluation/highest_NN_dist000951.png,https://crw2020.s3-us-west-2.amazonaws.com/sg2/Plain-ST2_human_evaluation/highest_NN_dist000951.png,0.55,0.7,0.75,0.6,0.8,0,0,1,0,0,0,3,1,0,1,0,0
94,https://crw2020.s3-us-west-2.amazonaws.com/sg2/Plain-ST2_human_evaluation/highest_NN_dist000952.png,https://crw2020.s3-us-west-2.amazonaws.com/sg2/Plain-ST2_human_evaluation/highest_NN_dist000952.png,0.65,0.7,0.95,0.45,0.6,0,0,1,0,1,0,1,1,1,1,0,0
95,https://crw2020.s3-us-west-2.amazonaws.com/sg2/Plain-ST2_human_evaluation/highest_NN_dist000962.png,https://crw2020.s3-us-west-2.amazonaws.com/sg2/Plain-ST2_human_evaluation/highest_NN_dist000962.png,0.75,0.8,0.95,0.65,0.7,0,0,1,1,0,0,1,2,0,1,0,0
96,https://crw2020.s3-us-west-2.amazonaws.com/sg2/Plain-ST2_human_evaluation/highest_NN_dist000964.png,https://crw2020.s3-us-west-2.amazonaws.com/sg2/Plain-ST2_human_evaluation/highest_NN_dist000964.png,0.5,0.75,0.95,0.5,0.6,1,0,1,1,1,0,0,1,0,0,1,0
97,https://crw2020.s3-us-west-2.amazonaws.com/sg2/Plain-ST2_human_evaluation/highest_NN_dist000968.png,https://crw2020.s3-us-west-2.amazonaws.com/sg2/Plain-ST2_human_evaluation/highest_NN_dist000968.png,0.5,0.7,0.9,0.85,0.45,0,0,0,1,0,0,1,1,2,1,0,0
98,https://crw2020.s3-us-west-2.amazonaws.com/sg2/Plain-ST2_human_evaluation/highest_NN_dist000993.png,https://crw2020.s3-us-west-2.amazonaws.com/sg2/Plain-ST2_human_evaluation/highest_NN_dist000993.png,0.6,0.75,0.85,0.9,0.6,0,0,1,2,0,0,0,1,1,0,1,0
99,https://crw2020.s3-us-west-2.amazonaws.com/sg2/Plain-ST2_human_evaluation/highest_NN_dist000999.png,https://crw2020.s3-us-west-2.amazonaws.com/sg2/Plain-ST2_human_evaluation/highest_NN_dist000999.png,0.25,0.85,0.65,0.65,0.6,0,0,1,1,1,1,0,0,1,0,1,0
100,https://crw2020.s3-us-west-2.amazonaws.com/sg2/Plain-ST2_human_evaluation/highest_shape_entropy000000.png,https://crw2020.s3-us-west-2.amazonaws.com/sg2/Plain-ST2_human_evaluation/highest_shape_entropy000000.png,0.7,0.25,0.95,0.65,0.65,0,0,0,0,1,1,3,0,0,1,0,0
101,https://crw2020.s3-us-west-2.amazonaws.com/sg2/Plain-ST2_human_evaluation/highest_shape_entropy000025.png,https://crw2020.s3-us-west-2.amazonaws.com/sg2/Plain-ST2_human_evaluation/highest_shape_entropy000025.png,0.45,0.45,0.95,0.4,0.5,1,0,1,1,1,0,0,0,1,0,1,0
102,https://crw2020.s3-us-west-2.amazonaws.com/sg2/Plain-ST2_human_evaluation/highest_shape_entropy000029.png,https://crw2020.s3-us-west-2.amazonaws.com/sg2/Plain-ST2_human_evaluation/highest_shape_entropy000029.png,0.7,0.85,0.75,0.65,0.85,0,0,1,0,1,0,2,0,1,1,0,0
103,https://crw2020.s3-us-west-2.amazonaws.com/sg2/Plain-ST2_human_evaluation/highest_shape_entropy000041.png,https://crw2020.s3-us-west-2.amazonaws.com/sg2/Plain-ST2_human_evaluation/highest_shape_entropy000041.png,0.65,0.75,0.8,0.25,0.55,1,0,0,1,0,0,1,1,1,0,1,0
104,https://crw2020.s3-us-west-2.amazonaws.com/sg2/Plain-ST2_human_evaluation/highest_shape_entropy000044.png,https://crw2020.s3-us-west-2.amazonaws.com/sg2/Plain-ST2_human_evaluation/highest_shape_entropy000044.png,0.5,0.8,0.85,0.8,0.6,0,0,1,1,1,0,0,1,1,0,1,0
105,https://crw2020.s3-us-west-2.amazonaws.com/sg2/Plain-ST2_human_evaluation/highest_shape_entropy000052.png,https://crw2020.s3-us-west-2.amazonaws.com/sg2/Plain-ST2_human_evaluation/highest_shape_entropy000052.png,0.75,0.85,0.7,0.65,0.7,0,0,0,3,1,0,0,0,1,0,1,0
106,https://crw2020.s3-us-west-2.amazonaws.com/sg2/Plain-ST2_human_evaluation/highest_shape_entropy000054.png,https://crw2020.s3-us-west-2.amazonaws.com/sg2/Plain-ST2_human_evaluation/highest_shape_entropy000054.png,0.55,0.7,0.85,0.85,0.85,0,1,2,0,0,0,1,0,1,0,1,0
107,https://crw2020.s3-us-west-2.amazonaws.com/sg2/Plain-ST2_human_evaluation/highest_shape_entropy000057.png,https://crw2020.s3-us-west-2.amazonaws.com/sg2/Plain-ST2_human_evaluation/highest_shape_entropy000057.png,0.6,0.4,0.9,0.7,0.7,1,1,0,2,0,0,0,1,0,0,1,0
108,https://crw2020.s3-us-west-2.amazonaws.com/sg2/Plain-ST2_human_evaluation/highest_shape_entropy000090.png,https://crw2020.s3-us-west-2.amazonaws.com/sg2/Plain-ST2_human_evaluation/highest_shape_entropy000090.png,0.7,0.75,0.8,0.65,0.75,2,0,1,2,0,0,0,0,0,0,1,0
109,https://crw2020.s3-us-west-2.amazonaws.com/sg2/Plain-ST2_human_evaluation/highest_shape_entropy000101.png,https://crw2020.s3-us-west-2.amazonaws.com/sg2/Plain-ST2_human_evaluation/highest_shape_entropy000101.png,0.6,0.5,0.8,0.15,0.5,1,0,1,1,0,0,1,0,1,0,1,0
110,https://crw2020.s3-us-west-2.amazonaws.com/sg2/Plain-ST2_human_evaluation/highest_shape_entropy000102.png,https://crw2020.s3-us-west-2.amazonaws.com/sg2/Plain-ST2_human_evaluation/highest_shape_entropy000102.png,0.6,0.75,0.8,0.55,0.65,1,0,0,1,1,1,1,0,0,0,1,0
111,https://crw2020.s3-us-west-2.amazonaws.com/sg2/Plain-ST2_human_evaluation/highest_shape_entropy000108.png,https://crw2020.s3-us-west-2.amazonaws.com/sg2/Plain-ST2_human_evaluation/highest_shape_entropy000108.png,0.55,0.7,0.7,0.5,0.65,0,0,0,0,0,0,4,1,0,1,0,0
112,https://crw2020.s3-us-west-2.amazonaws.com/sg2/Plain-ST2_human_evaluation/highest_shape_entropy000121.png,https://crw2020.s3-us-west-2.amazonaws.com/sg2/Plain-ST2_human_evaluation/highest_shape_entropy000121.png,0.55,0.65,0.65,0.75,0.7,0,0,0,0,1,0,2,1,1,1,0,0
113,https://crw2020.s3-us-west-2.amazonaws.com/sg2/Plain-ST2_human_evaluation/highest_shape_entropy000129.png,https://crw2020.s3-us-west-2.amazonaws.com/sg2/Plain-ST2_human_evaluation/highest_shape_entropy000129.png,0.75,0.85,0.65,0.6,0.35,0,1,0,1,0,1,0,0,2,0,1,0
114,https://crw2020.s3-us-west-2.amazonaws.com/sg2/Plain-ST2_human_evaluation/highest_shape_entropy000133.png,https://crw2020.s3-us-west-2.amazonaws.com/sg2/Plain-ST2_human_evaluation/highest_shape_entropy000133.png,0.65,0.85,0.85,0.55,0.45,1,0,0,0,0,0,2,1,1,1,0,0
115,https://crw2020.s3-us-west-2.amazonaws.com/sg2/Plain-ST2_human_evaluation/highest_shape_entropy000148.png,https://crw2020.s3-us-west-2.amazonaws.com/sg2/Plain-ST2_human_evaluation/highest_shape_entropy000148.png,0.55,0.6,0.65,0.5,0.65,0,0,1,1,0,0,2,1,0,1,0,0
116,https://crw2020.s3-us-west-2.amazonaws.com/sg2/Plain-ST2_human_evaluation/highest_shape_entropy000179.png,https://crw2020.s3-us-west-2.amazonaws.com/sg2/Plain-ST2_human_evaluation/highest_shape_entropy000179.png,0.65,0.55,0.65,0.4,0.8,0,0,1,1,1,0,1,0,1,0,1,0
117,https://crw2020.s3-us-west-2.amazonaws.com/sg2/Plain-ST2_human_evaluation/highest_shape_entropy000190.png,https://crw2020.s3-us-west-2.amazonaws.com/sg2/Plain-ST2_human_evaluation/highest_shape_entropy000190.png,0.85,0.5,0.8,0.4,0.6,1,0,0,0,2,0,2,0,0,1,0,0
118,https://crw2020.s3-us-west-2.amazonaws.com/sg2/Plain-ST2_human_evaluation/highest_shape_entropy000198.png,https://crw2020.s3-us-west-2.amazonaws.com/sg2/Plain-ST2_human_evaluation/highest_shape_entropy000198.png,0.6,0.8,0.9,0.5,0.85,0,0,0,1,1,1,0,0,2,0,1,0
119,https://crw2020.s3-us-west-2.amazonaws.com/sg2/Plain-ST2_human_evaluation/highest_shape_entropy000231.png,https://crw2020.s3-us-west-2.amazonaws.com/sg2/Plain-ST2_human_evaluation/highest_shape_entropy000231.png,0.9,0.7,0.6,0.65,0.5,0,0,0,2,0,0,1,2,0,1,0,0
120,https://crw2020.s3-us-west-2.amazonaws.com/sg2/Plain-ST2_human_evaluation/highest_shape_entropy000238.png,https://crw2020.s3-us-west-2.amazonaws.com/sg2/Plain-ST2_human_evaluation/highest_shape_entropy000238.png,0.65,0.45,0.85,0.4,0.55,0,1,3,0,0,0,1,0,0,0,1,0
121,https://crw2020.s3-us-west-2.amazonaws.com/sg2/Plain-ST2_human_evaluation/highest_shape_entropy000249.png,https://crw2020.s3-us-west-2.amazonaws.com/sg2/Plain-ST2_human_evaluation/highest_shape_entropy000249.png,0.4,0.75,0.6,0.4,0.8,0,0,0,0,1,0,2,0,2,1,0,0
122,https://crw2020.s3-us-west-2.amazonaws.com/sg2/Plain-ST2_human_evaluation/highest_shape_entropy000274.png,https://crw2020.s3-us-west-2.amazonaws.com/sg2/Plain-ST2_human_evaluation/highest_shape_entropy000274.png,0.55,0.9,0.55,0.65,0.9,0,0,0,0,0,0,2,3,0,1,0,0
123,https://crw2020.s3-us-west-2.amazonaws.com/sg2/Plain-ST2_human_evaluation/highest_shape_entropy000291.png,https://crw2020.s3-us-west-2.amazonaws.com/sg2/Plain-ST2_human_evaluation/highest_shape_entropy000291.png,0.7,0.5,0.85,0.65,0.25,0,0,0,1,1,0,1,0,2,1,0,0
124,https://crw2020.s3-us-west-2.amazonaws.com/sg2/Plain-ST2_human_evaluation/highest_shape_entropy000294.png,https://crw2020.s3-us-west-2.amazonaws.com/sg2/Plain-ST2_human_evaluation/highest_shape_entropy000294.png,0.55,0.7,0.5,0.5,0.75,0,0,0,1,0,1,0,0,3,0,0,1
125,https://crw2020.s3-us-west-2.amazonaws.com/sg2/Plain-ST2_human_evaluation/highest_shape_entropy000303.png,https://crw2020.s3-us-west-2.amazonaws.com/sg2/Plain-ST2_human_evaluation/highest_shape_entropy000303.png,0.55,0.9,0.95,0.8,0.65,0,0,1,0,0,1,3,0,0,1,0,0
126,https://crw2020.s3-us-west-2.amazonaws.com/sg2/Plain-ST2_human_evaluation/highest_shape_entropy000317.png,https://crw2020.s3-us-west-2.amazonaws.com/sg2/Plain-ST2_human_evaluation/highest_shape_entropy000317.png,0.8,0.8,0.65,0.7,0.65,0,1,0,1,0,0,1,1,1,1,0,0
127,https://crw2020.s3-us-west-2.amazonaws.com/sg2/Plain-ST2_human_evaluation/highest_shape_entropy000319.png,https://crw2020.s3-us-west-2.amazonaws.com/sg2/Plain-ST2_human_evaluation/highest_shape_entropy000319.png,0.7,0.6,0.7,0.45,0.5,0,0,0,2,1,0,1,1,0,1,0,0
128,https://crw2020.s3-us-west-2.amazonaws.com/sg2/Plain-ST2_human_evaluation/highest_shape_entropy000321.png,https://crw2020.s3-us-west-2.amazonaws.com/sg2/Plain-ST2_human_evaluation/highest_shape_entropy000321.png,0.4,0.85,0.95,0.5,0.65,0,0,1,0,0,0,1,3,0,1,0,0
129,https://crw2020.s3-us-west-2.amazonaws.com/sg2/Plain-ST2_human_evaluation/highest_shape_entropy000365.png,https://crw2020.s3-us-west-2.amazonaws.com/sg2/Plain-ST2_human_evaluation/highest_shape_entropy000365.png,0.85,0.65,0.65,0.25,0.75,0,0,0,0,0,0,0,1,4,0,0,1
130,https://crw2020.s3-us-west-2.amazonaws.com/sg2/Plain-ST2_human_evaluation/highest_shape_entropy000370.png,https://crw2020.s3-us-west-2.amazonaws.com/sg2/Plain-ST2_human_evaluation/highest_shape_entropy000370.png,0.7,0.6,0.9,0.25,0.5,0,0,0,1,1,0,1,1,1,1,0,0
131,https://crw2020.s3-us-west-2.amazonaws.com/sg2/Plain-ST2_human_evaluation/highest_shape_entropy000385.png,https://crw2020.s3-us-west-2.amazonaws.com/sg2/Plain-ST2_human_evaluation/highest_shape_entropy000385.png,0.4,0.45,0.65,0.5,0.3,1,0,0,0,3,1,0,0,0,1,0,0
132,https://crw2020.s3-us-west-2.amazonaws.com/sg2/Plain-ST2_human_evaluation/highest_shape_entropy000399.png,https://crw2020.s3-us-west-2.amazonaws.com/sg2/Plain-ST2_human_evaluation/highest_shape_entropy000399.png,0.75,0.85,0.7,0.5,0.7,0,0,0,1,0,0,3,1,0,1,0,0
133,https://crw2020.s3-us-west-2.amazonaws.com/sg2/Plain-ST2_human_evaluation/highest_shape_entropy000417.png,https://crw2020.s3-us-west-2.amazonaws.com/sg2/Plain-ST2_human_evaluation/highest_shape_entropy000417.png,1.0,0.5,0.75,0.35,0.45,0,0,0,1,0,0,0,0,4,0,0,1
134,https://crw2020.s3-us-west-2.amazonaws.com/sg2/Plain-ST2_human_evaluation/highest_shape_entropy000436.png,https://crw2020.s3-us-west-2.amazonaws.com/sg2/Plain-ST2_human_evaluation/highest_shape_entropy000436.png,0.5,0.6,0.75,0.45,0.7,1,0,0,2,0,1,0,1,0,0,1,0
135,https://crw2020.s3-us-west-2.amazonaws.com/sg2/Plain-ST2_human_evaluation/highest_shape_entropy000437.png,https://crw2020.s3-us-west-2.amazonaws.com/sg2/Plain-ST2_human_evaluation/highest_shape_entropy000437.png,0.7,0.4,1.0,0.4,0.6,0,0,0,0,3,1,1,0,0,1,0,0
136,https://crw2020.s3-us-west-2.amazonaws.com/sg2/Plain-ST2_human_evaluation/highest_shape_entropy000446.png,https://crw2020.s3-us-west-2.amazonaws.com/sg2/Plain-ST2_human_evaluation/highest_shape_entropy000446.png,0.55,0.8,0.75,0.55,0.6,0,0,2,0,1,0,0,1,1,0,1,0
137,https://crw2020.s3-us-west-2.amazonaws.com/sg2/Plain-ST2_human_evaluation/highest_shape_entropy000455.png,https://crw2020.s3-us-west-2.amazonaws.com/sg2/Plain-ST2_human_evaluation/highest_shape_entropy000455.png,0.4,0.85,0.45,0.35,0.55,0,0,1,1,0,1,0,1,1,0,1,0
138,https://crw2020.s3-us-west-2.amazonaws.com/sg2/Plain-ST2_human_evaluation/highest_shape_entropy000472.png,https://crw2020.s3-us-west-2.amazonaws.com/sg2/Plain-ST2_human_evaluation/highest_shape_entropy000472.png,0.75,0.4,0.5,0.5,0.7,0,0,3,0,1,0,0,1,0,0,1,0
139,https://crw2020.s3-us-west-2.amazonaws.com/sg2/Plain-ST2_human_evaluation/highest_shape_entropy000476.png,https://crw2020.s3-us-west-2.amazonaws.com/sg2/Plain-ST2_human_evaluation/highest_shape_entropy000476.png,0.5,0.2,0.7,0.7,0.2,0,1,0,0,0,0,3,1,0,1,0,0
140,https://crw2020.s3-us-west-2.amazonaws.com/sg2/Plain-ST2_human_evaluation/highest_shape_entropy000488.png,https://crw2020.s3-us-west-2.amazonaws.com/sg2/Plain-ST2_human_evaluation/highest_shape_entropy000488.png,0.55,0.65,0.75,0.45,0.45,0,0,2,0,0,0,0,2,1,0,1,0
141,https://crw2020.s3-us-west-2.amazonaws.com/sg2/Plain-ST2_human_evaluation/highest_shape_entropy000491.png,https://crw2020.s3-us-west-2.amazonaws.com/sg2/Plain-ST2_human_evaluation/highest_shape_entropy000491.png,0.5,0.35,0.75,0.45,0.55,0,0,0,1,0,0,0,2,2,1,0,0
142,https://crw2020.s3-us-west-2.amazonaws.com/sg2/Plain-ST2_human_evaluation/highest_shape_entropy000508.png,https://crw2020.s3-us-west-2.amazonaws.com/sg2/Plain-ST2_human_evaluation/highest_shape_entropy000508.png,0.35,0.6,0.65,0.35,0.7,0,0,2,1,0,0,0,1,1,0,1,0
143,https://crw2020.s3-us-west-2.amazonaws.com/sg2/Plain-ST2_human_evaluation/highest_shape_entropy000509.png,https://crw2020.s3-us-west-2.amazonaws.com/sg2/Plain-ST2_human_evaluation/highest_shape_entropy000509.png,0.65,0.5,0.6,0.6,0.65,0,0,2,0,0,1,2,0,0,0,1,0
144,https://crw2020.s3-us-west-2.amazonaws.com/sg2/Plain-ST2_human_evaluation/highest_shape_entropy000518.png,https://crw2020.s3-us-west-2.amazonaws.com/sg2/Plain-ST2_human_evaluation/highest_shape_entropy000518.png,0.75,0.75,0.95,0.45,0.6,0,0,1,0,0,0,0,1,3,0,0,1
145,https://crw2020.s3-us-west-2.amazonaws.com/sg2/Plain-ST2_human_evaluation/highest_shape_entropy000530.png,https://crw2020.s3-us-west-2.amazonaws.com/sg2/Plain-ST2_human_evaluation/highest_shape_entropy000530.png,0.65,0.75,0.7,0.5,0.75,0,0,0,0,1,0,1,1,2,1,0,0
146,https://crw2020.s3-us-west-2.amazonaws.com/sg2/Plain-ST2_human_evaluation/highest_shape_entropy000537.png,https://crw2020.s3-us-west-2.amazonaws.com/sg2/Plain-ST2_human_evaluation/highest_shape_entropy000537.png,0.6,0.55,1.0,0.3,0.7,0,1,3,1,0,0,0,0,0,0,1,0
147,https://crw2020.s3-us-west-2.amazonaws.com/sg2/Plain-ST2_human_evaluation/highest_shape_entropy000542.png,https://crw2020.s3-us-west-2.amazonaws.com/sg2/Plain-ST2_human_evaluation/highest_shape_entropy000542.png,0.75,0.8,0.9,0.6,0.5,0,0,1,1,0,0,2,0,1,0,1,0
148,https://crw2020.s3-us-west-2.amazonaws.com/sg2/Plain-ST2_human_evaluation/highest_shape_entropy000544.png,https://crw2020.s3-us-west-2.amazonaws.com/sg2/Plain-ST2_human_evaluation/highest_shape_entropy000544.png,0.6,0.9,0.9,0.5,0.65,0,0,1,1,0,2,1,0,0,0,1,0
149,https://crw2020.s3-us-west-2.amazonaws.com/sg2/Plain-ST2_human_evaluation/highest_shape_entropy000568.png,https://crw2020.s3-us-west-2.amazonaws.com/sg2/Plain-ST2_human_evaluation/highest_shape_entropy000568.png,0.55,0.4,0.8,0.45,0.65,1,0,0,2,0,1,1,0,0,0,1,0
150,https://crw2020.s3-us-west-2.amazonaws.com/sg2/Plain-ST2_human_evaluation/highest_shape_entropy000578.png,https://crw2020.s3-us-west-2.amazonaws.com/sg2/Plain-ST2_human_evaluation/highest_shape_entropy000578.png,0.7,0.7,0.75,0.3,0.6,0,1,0,1,0,0,0,1,2,1,0,0
151,https://crw2020.s3-us-west-2.amazonaws.com/sg2/Plain-ST2_human_evaluation/highest_shape_entropy000580.png,https://crw2020.s3-us-west-2.amazonaws.com/sg2/Plain-ST2_human_evaluation/highest_shape_entropy000580.png,0.5,0.8,1.0,0.4,0.6,0,1,0,1,0,0,0,2,1,1,0,0
152,https://crw2020.s3-us-west-2.amazonaws.com/sg2/Plain-ST2_human_evaluation/highest_shape_entropy000586.png,https://crw2020.s3-us-west-2.amazonaws.com/sg2/Plain-ST2_human_evaluation/highest_shape_entropy000586.png,0.55,0.75,0.9,0.4,0.6,1,0,1,2,0,0,0,1,0,0,1,0
153,https://crw2020.s3-us-west-2.amazonaws.com/sg2/Plain-ST2_human_evaluation/highest_shape_entropy000593.png,https://crw2020.s3-us-west-2.amazonaws.com/sg2/Plain-ST2_human_evaluation/highest_shape_entropy000593.png,0.65,0.7,0.85,0.4,0.5,1,0,1,0,0,2,0,1,0,0,1,0
154,https://crw2020.s3-us-west-2.amazonaws.com/sg2/Plain-ST2_human_evaluation/highest_shape_entropy000598.png,https://crw2020.s3-us-west-2.amazonaws.com/sg2/Plain-ST2_human_evaluation/highest_shape_entropy000598.png,0.55,0.6,0.55,0.5,0.65,0,0,0,1,2,2,0,0,0,0,1,0
155,https://crw2020.s3-us-west-2.amazonaws.com/sg2/Plain-ST2_human_evaluation/highest_shape_entropy000603.png,https://crw2020.s3-us-west-2.amazonaws.com/sg2/Plain-ST2_human_evaluation/highest_shape_entropy000603.png,0.7,0.7,0.7,0.75,0.45,1,0,0,1,0,0,3,0,0,1,0,0
156,https://crw2020.s3-us-west-2.amazonaws.com/sg2/Plain-ST2_human_evaluation/highest_shape_entropy000608.png,https://crw2020.s3-us-west-2.amazonaws.com/sg2/Plain-ST2_human_evaluation/highest_shape_entropy000608.png,0.75,0.75,0.75,0.6,0.75,1,0,0,1,1,0,2,0,0,1,0,0
157,https://crw2020.s3-us-west-2.amazonaws.com/sg2/Plain-ST2_human_evaluation/highest_shape_entropy000615.png,https://crw2020.s3-us-west-2.amazonaws.com/sg2/Plain-ST2_human_evaluation/highest_shape_entropy000615.png,0.75,0.35,0.6,0.5,0.5,1,0,0,0,0,0,0,2,2,1,0,0
158,https://crw2020.s3-us-west-2.amazonaws.com/sg2/Plain-ST2_human_evaluation/highest_shape_entropy000621.png,https://crw2020.s3-us-west-2.amazonaws.com/sg2/Plain-ST2_human_evaluation/highest_shape_entropy000621.png,0.75,0.65,0.4,0.65,0.85,0,0,0,1,2,1,1,0,0,1,0,0
159,https://crw2020.s3-us-west-2.amazonaws.com/sg2/Plain-ST2_human_evaluation/highest_shape_entropy000625.png,https://crw2020.s3-us-west-2.amazonaws.com/sg2/Plain-ST2_human_evaluation/highest_shape_entropy000625.png,0.9,0.6,0.7,0.4,0.65,0,0,0,0,0,0,3,2,0,1,0,0
160,https://crw2020.s3-us-west-2.amazonaws.com/sg2/Plain-ST2_human_evaluation/highest_shape_entropy000628.png,https://crw2020.s3-us-west-2.amazonaws.com/sg2/Plain-ST2_human_evaluation/highest_shape_entropy000628.png,0.7,1.0,0.9,0.25,0.7,0,0,2,0,0,0,2,1,0,1,0,0
161,https://crw2020.s3-us-west-2.amazonaws.com/sg2/Plain-ST2_human_evaluation/highest_shape_entropy000632.png,https://crw2020.s3-us-west-2.amazonaws.com/sg2/Plain-ST2_human_evaluation/highest_shape_entropy000632.png,0.5,0.8,0.6,0.6,0.8,1,0,0,1,1,0,0,0,2,0,1,0
162,https://crw2020.s3-us-west-2.amazonaws.com/sg2/Plain-ST2_human_evaluation/highest_shape_entropy000651.png,https://crw2020.s3-us-west-2.amazonaws.com/sg2/Plain-ST2_human_evaluation/highest_shape_entropy000651.png,0.45,0.75,0.65,0.55,0.55,0,0,1,0,3,1,0,0,0,1,0,0
163,https://crw2020.s3-us-west-2.amazonaws.com/sg2/Plain-ST2_human_evaluation/highest_shape_entropy000655.png,https://crw2020.s3-us-west-2.amazonaws.com/sg2/Plain-ST2_human_evaluation/highest_shape_entropy000655.png,0.3,0.8,0.8,0.5,0.6,0,0,3,0,0,1,0,1,0,0,1,0
164,https://crw2020.s3-us-west-2.amazonaws.com/sg2/Plain-ST2_human_evaluation/highest_shape_entropy000674.png,https://crw2020.s3-us-west-2.amazonaws.com/sg2/Plain-ST2_human_evaluation/highest_shape_entropy000674.png,0.4,0.55,1.0,0.8,0.65,0,0,0,0,3,0,1,1,0,1,0,0
165,https://crw2020.s3-us-west-2.amazonaws.com/sg2/Plain-ST2_human_evaluation/highest_shape_entropy000680.png,https://crw2020.s3-us-west-2.amazonaws.com/sg2/Plain-ST2_human_evaluation/highest_shape_entropy000680.png,0.6,0.5,0.85,0.7,0.75,1,0,0,1,2,0,0,0,1,0,1,0
166,https://crw2020.s3-us-west-2.amazonaws.com/sg2/Plain-ST2_human_evaluation/highest_shape_entropy000688.png,https://crw2020.s3-us-west-2.amazonaws.com/sg2/Plain-ST2_human_evaluation/highest_shape_entropy000688.png,0.85,0.7,0.85,0.75,0.4,0,1,0,0,0,0,1,1,2,1,0,0
167,https://crw2020.s3-us-west-2.amazonaws.com/sg2/Plain-ST2_human_evaluation/highest_shape_entropy000698.png,https://crw2020.s3-us-west-2.amazonaws.com/sg2/Plain-ST2_human_evaluation/highest_shape_entropy000698.png,0.65,0.7,0.95,0.65,0.4,0,0,1,1,2,0,0,0,1,0,1,0
168,https://crw2020.s3-us-west-2.amazonaws.com/sg2/Plain-ST2_human_evaluation/highest_shape_entropy000699.png,https://crw2020.s3-us-west-2.amazonaws.com/sg2/Plain-ST2_human_evaluation/highest_shape_entropy000699.png,0.6,0.75,0.75,0.2,0.5,0,1,0,0,0,0,1,1,2,1,0,0
169,https://crw2020.s3-us-west-2.amazonaws.com/sg2/Plain-ST2_human_evaluation/highest_shape_entropy000707.png,https://crw2020.s3-us-west-2.amazonaws.com/sg2/Plain-ST2_human_evaluation/highest_shape_entropy000707.png,0.6,0.95,0.75,0.5,0.55,0,0,1,0,0,0,3,1,0,1,0,0
170,https://crw2020.s3-us-west-2.amazonaws.com/sg2/Plain-ST2_human_evaluation/highest_shape_entropy000713.png,https://crw2020.s3-us-west-2.amazonaws.com/sg2/Plain-ST2_human_evaluation/highest_shape_entropy000713.png,0.65,0.5,0.6,0.5,0.45,0,0,1,2,0,0,0,0,2,0,1,0
171,https://crw2020.s3-us-west-2.amazonaws.com/sg2/Plain-ST2_human_evaluation/highest_shape_entropy000716.png,https://crw2020.s3-us-west-2.amazonaws.com/sg2/Plain-ST2_human_evaluation/highest_shape_entropy000716.png,0.7,0.45,0.85,0.4,0.5,0,0,0,2,1,0,1,1,0,1,0,0
172,https://crw2020.s3-us-west-2.amazonaws.com/sg2/Plain-ST2_human_evaluation/highest_shape_entropy000722.png,https://crw2020.s3-us-west-2.amazonaws.com/sg2/Plain-ST2_human_evaluation/highest_shape_entropy000722.png,0.7,0.8,0.95,0.75,0.7,0,0,1,4,0,0,0,0,0,0,1,0
173,https://crw2020.s3-us-west-2.amazonaws.com/sg2/Plain-ST2_human_evaluation/highest_shape_entropy000736.png,https://crw2020.s3-us-west-2.amazonaws.com/sg2/Plain-ST2_human_evaluation/highest_shape_entropy000736.png,0.65,0.8,0.85,0.55,0.6,1,0,1,2,0,0,0,1,0,0,1,0
174,https://crw2020.s3-us-west-2.amazonaws.com/sg2/Plain-ST2_human_evaluation/highest_shape_entropy000753.png,https://crw2020.s3-us-west-2.amazonaws.com/sg2/Plain-ST2_human_evaluation/highest_shape_entropy000753.png,0.7,0.45,0.8,0.45,0.65,1,1,0,0,1,0,1,1,0,1,0,0
175,https://crw2020.s3-us-west-2.amazonaws.com/sg2/Plain-ST2_human_evaluation/highest_shape_entropy000754.png,https://crw2020.s3-us-west-2.amazonaws.com/sg2/Plain-ST2_human_evaluation/highest_shape_entropy000754.png,0.75,0.75,0.8,0.65,0.7,0,1,2,0,0,1,0,0,1,0,1,0
176,https://crw2020.s3-us-west-2.amazonaws.com/sg2/Plain-ST2_human_evaluation/highest_shape_entropy000762.png,https://crw2020.s3-us-west-2.amazonaws.com/sg2/Plain-ST2_human_evaluation/highest_shape_entropy000762.png,0.5,0.75,0.75,0.6,0.7,0,0,1,0,0,0,0,0,4,0,0,1
177,https://crw2020.s3-us-west-2.amazonaws.com/sg2/Plain-ST2_human_evaluation/highest_shape_entropy000765.png,https://crw2020.s3-us-west-2.amazonaws.com/sg2/Plain-ST2_human_evaluation/highest_shape_entropy000765.png,0.7,0.7,0.8,0.55,0.75,1,0,2,2,0,0,0,0,0,0,1,0
178,https://crw2020.s3-us-west-2.amazonaws.com/sg2/Plain-ST2_human_evaluation/highest_shape_entropy000772.png,https://crw2020.s3-us-west-2.amazonaws.com/sg2/Plain-ST2_human_evaluation/highest_shape_entropy000772.png,0.3,0.65,0.5,0.45,0.65,0,1,0,0,1,0,1,0,2,1,0,0
179,https://crw2020.s3-us-west-2.amazonaws.com/sg2/Plain-ST2_human_evaluation/highest_shape_entropy000804.png,https://crw2020.s3-us-west-2.amazonaws.com/sg2/Plain-ST2_human_evaluation/highest_shape_entropy000804.png,0.6,0.8,0.6,0.6,0.6,1,0,1,1,0,1,1,0,0,0,1,0
180,https://crw2020.s3-us-west-2.amazonaws.com/sg2/Plain-ST2_human_evaluation/highest_shape_entropy000806.png,https://crw2020.s3-us-west-2.amazonaws.com/sg2/Plain-ST2_human_evaluation/highest_shape_entropy000806.png,0.6,0.7,0.8,0.25,0.6,0,0,1,1,0,0,3,0,0,1,0,0
181,https://crw2020.s3-us-west-2.amazonaws.com/sg2/Plain-ST2_human_evaluation/highest_shape_entropy000810.png,https://crw2020.s3-us-west-2.amazonaws.com/sg2/Plain-ST2_human_evaluation/highest_shape_entropy000810.png,0.8,0.85,0.65,0.6,0.3,1,0,0,1,0,0,3,0,0,1,0,0
182,https://crw2020.s3-us-west-2.amazonaws.com/sg2/Plain-ST2_human_evaluation/highest_shape_entropy000815.png,https://crw2020.s3-us-west-2.amazonaws.com/sg2/Plain-ST2_human_evaluation/highest_shape_entropy000815.png,0.8,0.75,0.85,0.6,0.45,1,0,1,1,1,0,0,1,0,0,1,0
183,https://crw2020.s3-us-west-2.amazonaws.com/sg2/Plain-ST2_human_evaluation/highest_shape_entropy000819.png,https://crw2020.s3-us-west-2.amazonaws.com/sg2/Plain-ST2_human_evaluation/highest_shape_entropy000819.png,0.4,0.8,0.6,0.6,0.35,0,0,2,1,0,0,0,0,2,0,1,0
184,https://crw2020.s3-us-west-2.amazonaws.com/sg2/Plain-ST2_human_evaluation/highest_shape_entropy000828.png,https://crw2020.s3-us-west-2.amazonaws.com/sg2/Plain-ST2_human_evaluation/highest_shape_entropy000828.png,0.6,1.0,0.75,0.35,0.5,1,0,2,1,0,0,1,0,0,0,1,0
185,https://crw2020.s3-us-west-2.amazonaws.com/sg2/Plain-ST2_human_evaluation/highest_shape_entropy000839.png,https://crw2020.s3-us-west-2.amazonaws.com/sg2/Plain-ST2_human_evaluation/highest_shape_entropy000839.png,0.45,0.75,0.3,0.15,0.3,1,1,0,0,2,0,0,0,1,1,0,0
186,https://crw2020.s3-us-west-2.amazonaws.com/sg2/Plain-ST2_human_evaluation/highest_shape_entropy000850.png,https://crw2020.s3-us-west-2.amazonaws.com/sg2/Plain-ST2_human_evaluation/highest_shape_entropy000850.png,0.8,0.9,0.7,0.85,0.4,0,0,1,1,1,0,1,1,0,1,0,0
187,https://crw2020.s3-us-west-2.amazonaws.com/sg2/Plain-ST2_human_evaluation/highest_shape_entropy000852.png,https://crw2020.s3-us-west-2.amazonaws.com/sg2/Plain-ST2_human_evaluation/highest_shape_entropy000852.png,0.7,0.7,0.65,0.65,0.7,0,0,0,1,2,1,0,1,0,1,0,0
188,https://crw2020.s3-us-west-2.amazonaws.com/sg2/Plain-ST2_human_evaluation/highest_shape_entropy000857.png,https://crw2020.s3-us-west-2.amazonaws.com/sg2/Plain-ST2_human_evaluation/highest_shape_entropy000857.png,0.4,0.7,0.85,0.25,0.3,0,0,2,1,0,0,2,0,0,0,1,0
189,https://crw2020.s3-us-west-2.amazonaws.com/sg2/Plain-ST2_human_evaluation/highest_shape_entropy000858.png,https://crw2020.s3-us-west-2.amazonaws.com/sg2/Plain-ST2_human_evaluation/highest_shape_entropy000858.png,0.85,0.5,0.8,0.6,0.6,0,0,1,2,0,1,1,0,0,0,1,0
190,https://crw2020.s3-us-west-2.amazonaws.com/sg2/Plain-ST2_human_evaluation/highest_shape_entropy000880.png,https://crw2020.s3-us-west-2.amazonaws.com/sg2/Plain-ST2_human_evaluation/highest_shape_entropy000880.png,0.45,0.75,0.65,0.5,0.5,1,0,0,1,0,0,2,0,1,0,1,0
191,https://crw2020.s3-us-west-2.amazonaws.com/sg2/Plain-ST2_human_evaluation/highest_shape_entropy000895.png,https://crw2020.s3-us-west-2.amazonaws.com/sg2/Plain-ST2_human_evaluation/highest_shape_entropy000895.png,0.6,0.75,0.8,0.3,0.55,0,0,0,1,1,1,1,1,0,1,0,0
192,https://crw2020.s3-us-west-2.amazonaws.com/sg2/Plain-ST2_human_evaluation/highest_shape_entropy000925.png,https://crw2020.s3-us-west-2.amazonaws.com/sg2/Plain-ST2_human_evaluation/highest_shape_entropy000925.png,0.6,0.75,0.65,0.45,0.5,0,0,0,1,0,1,0,0,3,0,0,1
193,https://crw2020.s3-us-west-2.amazonaws.com/sg2/Plain-ST2_human_evaluation/highest_shape_entropy000930.png,https://crw2020.s3-us-west-2.amazonaws.com/sg2/Plain-ST2_human_evaluation/highest_shape_entropy000930.png,0.75,0.9,1.0,0.35,0.85,1,0,0,1,0,1,0,2,0,0,1,0
194,https://crw2020.s3-us-west-2.amazonaws.com/sg2/Plain-ST2_human_evaluation/highest_shape_entropy000940.png,https://crw2020.s3-us-west-2.amazonaws.com/sg2/Plain-ST2_human_evaluation/highest_shape_entropy000940.png,0.75,0.85,0.6,0.9,0.65,0,2,0,0,0,0,2,0,1,1,0,0
195,https://crw2020.s3-us-west-2.amazonaws.com/sg2/Plain-ST2_human_evaluation/highest_shape_entropy000950.png,https://crw2020.s3-us-west-2.amazonaws.com/sg2/Plain-ST2_human_evaluation/highest_shape_entropy000950.png,0.85,0.9,0.85,0.35,0.5,0,0,0,0,2,0,0,1,2,1,0,0
196,https://crw2020.s3-us-west-2.amazonaws.com/sg2/Plain-ST2_human_evaluation/highest_shape_entropy000977.png,https://crw2020.s3-us-west-2.amazonaws.com/sg2/Plain-ST2_human_evaluation/highest_shape_entropy000977.png,0.75,0.9,0.9,0.6,0.7,0,0,0,0,0,1,3,0,1,1,0,0
197,https://crw2020.s3-us-west-2.amazonaws.com/sg2/Plain-ST2_human_evaluation/highest_shape_entropy000980.png,https://crw2020.s3-us-west-2.amazonaws.com/sg2/Plain-ST2_human_evaluation/highest_shape_entropy000980.png,0.3,0.5,0.45,0.3,0.4,0,0,0,0,1,1,0,3,0,1,0,0
198,https://crw2020.s3-us-west-2.amazonaws.com/sg2/Plain-ST2_human_evaluation/highest_shape_entropy000989.png,https://crw2020.s3-us-west-2.amazonaws.com/sg2/Plain-ST2_human_evaluation/highest_shape_entropy000989.png,0.45,0.75,0.65,0.3,0.8,1,0,0,2,0,1,0,0,1,0,1,0
199,https://crw2020.s3-us-west-2.amazonaws.com/sg2/Plain-ST2_human_evaluation/highest_shape_entropy000990.png,https://crw2020.s3-us-west-2.amazonaws.com/sg2/Plain-ST2_human_evaluation/highest_shape_entropy000990.png,0.5,0.3,0.75,0.25,0.4,1,0,1,0,0,0,0,1,2,0,1,0
200,https://crw2020.s3-us-west-2.amazonaws.com/sg2/Plain-ST2_human_evaluation/lowest_NN_dist000001.png,https://crw2020.s3-us-west-2.amazonaws.com/sg2/Plain-ST2_human_evaluation/lowest_NN_dist000001.png,0.55,0.3,0.95,0.3,0.6,0,0,0,2,1,0,0,1,1,0,1,0
201,https://crw2020.s3-us-west-2.amazonaws.com/sg2/Plain-ST2_human_evaluation/lowest_NN_dist000003.png,https://crw2020.s3-us-west-2.amazonaws.com/sg2/Plain-ST2_human_evaluation/lowest_NN_dist000003.png,0.45,0.7,0.8,0.6,0.5,0,0,0,4,0,1,0,0,0,0,1,0
202,https://crw2020.s3-us-west-2.amazonaws.com/sg2/Plain-ST2_human_evaluation/lowest_NN_dist000008.png,https://crw2020.s3-us-west-2.amazonaws.com/sg2/Plain-ST2_human_evaluation/lowest_NN_dist000008.png,0.65,0.85,0.75,0.7,0.75,0,0,1,2,0,0,0,0,2,0,1,0
203,https://crw2020.s3-us-west-2.amazonaws.com/sg2/Plain-ST2_human_evaluation/lowest_NN_dist000021.png,https://crw2020.s3-us-west-2.amazonaws.com/sg2/Plain-ST2_human_evaluation/lowest_NN_dist000021.png,0.55,0.85,0.85,0.75,0.8,0,0,1,3,0,0,0,1,0,0,1,0
204,https://crw2020.s3-us-west-2.amazonaws.com/sg2/Plain-ST2_human_evaluation/lowest_NN_dist000024.png,https://crw2020.s3-us-west-2.amazonaws.com/sg2/Plain-ST2_human_evaluation/lowest_NN_dist000024.png,0.6,0.2,0.8,0.15,0.6,3,0,1,0,0,0,1,0,0,0,1,0
205,https://crw2020.s3-us-west-2.amazonaws.com/sg2/Plain-ST2_human_evaluation/lowest_NN_dist000063.png,https://crw2020.s3-us-west-2.amazonaws.com/sg2/Plain-ST2_human_evaluation/lowest_NN_dist000063.png,0.8,0.95,0.9,0.8,0.65,0,0,3,2,0,0,0,0,0,0,1,0
206,https://crw2020.s3-us-west-2.amazonaws.com/sg2/Plain-ST2_human_evaluation/lowest_NN_dist000066.png,https://crw2020.s3-us-west-2.amazonaws.com/sg2/Plain-ST2_human_evaluation/lowest_NN_dist000066.png,0.8,0.6,0.95,0.75,0.5,0,0,0,0,1,0,3,1,0,1,0,0
207,https://crw2020.s3-us-west-2.amazonaws.com/sg2/Plain-ST2_human_evaluation/lowest_NN_dist000080.png,https://crw2020.s3-us-west-2.amazonaws.com/sg2/Plain-ST2_human_evaluation/lowest_NN_dist000080.png,0.45,1.0,0.8,0.55,0.75,1,0,0,3,0,1,0,0,0,0,1,0
208,https://crw2020.s3-us-west-2.amazonaws.com/sg2/Plain-ST2_human_evaluation/lowest_NN_dist000084.png,https://crw2020.s3-us-west-2.amazonaws.com/sg2/Plain-ST2_human_evaluation/lowest_NN_dist000084.png,0.55,0.8,1.0,0.45,0.65,0,0,1,4,0,0,0,0,0,0,1,0
209,https://crw2020.s3-us-west-2.amazonaws.com/sg2/Plain-ST2_human_evaluation/lowest_NN_dist000109.png,https://crw2020.s3-us-west-2.amazonaws.com/sg2/Plain-ST2_human_evaluation/lowest_NN_dist000109.png,0.65,0.85,0.85,0.5,0.5,1,0,2,0,0,0,1,0,1,0,1,0
210,https://crw2020.s3-us-west-2.amazonaws.com/sg2/Plain-ST2_human_evaluation/lowest_NN_dist000131.png,https://crw2020.s3-us-west-2.amazonaws.com/sg2/Plain-ST2_human_evaluation/lowest_NN_dist000131.png,0.85,0.95,0.75,0.9,0.75,0,1,1,0,0,1,0,0,2,0,1,0
211,https://crw2020.s3-us-west-2.amazonaws.com/sg2/Plain-ST2_human_evaluation/lowest_NN_dist000140.png,https://crw2020.s3-us-west-2.amazonaws.com/sg2/Plain-ST2_human_evaluation/lowest_NN_dist000140.png,0.85,0.8,0.75,0.4,0.7,1,0,0,1,2,1,0,0,0,0,1,0
212,https://crw2020.s3-us-west-2.amazonaws.com/sg2/Plain-ST2_human_evaluation/lowest_NN_dist000146.png,https://crw2020.s3-us-west-2.amazonaws.com/sg2/Plain-ST2_human_evaluation/lowest_NN_dist000146.png,0.55,0.9,0.75,0.35,0.75,0,0,0,0,1,2,1,0,1,0,1,0
213,https://crw2020.s3-us-west-2.amazonaws.com/sg2/Plain-ST2_human_evaluation/lowest_NN_dist000147.png,https://crw2020.s3-us-west-2.amazonaws.com/sg2/Plain-ST2_human_evaluation/lowest_NN_dist000147.png,0.9,0.65,0.95,0.75,0.75,0,0,0,0,0,1,2,2,0,1,0,0
214,https://crw2020.s3-us-west-2.amazonaws.com/sg2/Plain-ST2_human_evaluation/lowest_NN_dist000162.png,https://crw2020.s3-us-west-2.amazonaws.com/sg2/Plain-ST2_human_evaluation/lowest_NN_dist000162.png,0.65,0.6,0.65,0.5,0.7,0,0,2,0,0,0,0,2,1,0,1,0
215,https://crw2020.s3-us-west-2.amazonaws.com/sg2/Plain-ST2_human_evaluation/lowest_NN_dist000212.png,https://crw2020.s3-us-west-2.amazonaws.com/sg2/Plain-ST2_human_evaluation/lowest_NN_dist000212.png,0.75,0.8,0.9,0.8,0.85,0,0,0,4,0,0,1,0,0,0,1,0
216,https://crw2020.s3-us-west-2.amazonaws.com/sg2/Plain-ST2_human_evaluation/lowest_NN_dist000216.png,https://crw2020.s3-us-west-2.amazonaws.com/sg2/Plain-ST2_human_evaluation/lowest_NN_dist000216.png,0.25,0.6,0.55,0.35,0.45,0,0,0,1,1,1,0,1,1,0,1,0
217,https://crw2020.s3-us-west-2.amazonaws.com/sg2/Plain-ST2_human_evaluation/lowest_NN_dist000222.png,https://crw2020.s3-us-west-2.amazonaws.com/sg2/Plain-ST2_human_evaluation/lowest_NN_dist000222.png,0.7,0.8,0.85,1.0,0.65,0,0,2,2,0,0,1,0,0,0,1,0
218,https://crw2020.s3-us-west-2.amazonaws.com/sg2/Plain-ST2_human_evaluation/lowest_NN_dist000275.png,https://crw2020.s3-us-west-2.amazonaws.com/sg2/Plain-ST2_human_evaluation/lowest_NN_dist000275.png,0.45,0.4,0.8,0.55,0.5,0,0,2,0,2,0,1,0,0,1,0,0
219,https://crw2020.s3-us-west-2.amazonaws.com/sg2/Plain-ST2_human_evaluation/lowest_NN_dist000290.png,https://crw2020.s3-us-west-2.amazonaws.com/sg2/Plain-ST2_human_evaluation/lowest_NN_dist000290.png,0.5,0.8,0.9,0.75,0.65,0,0,0,2,0,0,0,1,2,0,1,0
220,https://crw2020.s3-us-west-2.amazonaws.com/sg2/Plain-ST2_human_evaluation/lowest_NN_dist000293.png,https://crw2020.s3-us-west-2.amazonaws.com/sg2/Plain-ST2_human_evaluation/lowest_NN_dist000293.png,0.8,0.7,0.85,0.55,0.7,0,0,0,4,1,0,0,0,0,0,1,0
221,https://crw2020.s3-us-west-2.amazonaws.com/sg2/Plain-ST2_human_evaluation/lowest_NN_dist000297.png,https://crw2020.s3-us-west-2.amazonaws.com/sg2/Plain-ST2_human_evaluation/lowest_NN_dist000297.png,0.75,0.75,0.85,0.65,0.85,0,0,2,1,0,2,0,0,0,0,1,0
222,https://crw2020.s3-us-west-2.amazonaws.com/sg2/Plain-ST2_human_evaluation/lowest_NN_dist000310.png,https://crw2020.s3-us-west-2.amazonaws.com/sg2/Plain-ST2_human_evaluation/lowest_NN_dist000310.png,0.65,0.85,1.0,0.65,0.8,1,0,1,2,0,1,0,0,0,0,1,0
223,https://crw2020.s3-us-west-2.amazonaws.com/sg2/Plain-ST2_human_evaluation/lowest_NN_dist000313.png,https://crw2020.s3-us-west-2.amazonaws.com/sg2/Plain-ST2_human_evaluation/lowest_NN_dist000313.png,0.65,0.9,0.65,0.35,0.55,0,0,2,2,0,0,0,0,1,0,1,0
224,https://crw2020.s3-us-west-2.amazonaws.com/sg2/Plain-ST2_human_evaluation/lowest_NN_dist000323.png,https://crw2020.s3-us-west-2.amazonaws.com/sg2/Plain-ST2_human_evaluation/lowest_NN_dist000323.png,0.7,1.0,0.95,0.4,0.75,0,0,1,3,0,0,0,0,1,0,1,0
225,https://crw2020.s3-us-west-2.amazonaws.com/sg2/Plain-ST2_human_evaluation/lowest_NN_dist000324.png,https://crw2020.s3-us-west-2.amazonaws.com/sg2/Plain-ST2_human_evaluation/lowest_NN_dist000324.png,0.25,0.4,0.8,0.4,0.35,2,0,0,2,1,0,0,0,0,0,1,0
226,https://crw2020.s3-us-west-2.amazonaws.com/sg2/Plain-ST2_human_evaluation/lowest_NN_dist000325.png,https://crw2020.s3-us-west-2.amazonaws.com/sg2/Plain-ST2_human_evaluation/lowest_NN_dist000325.png,0.65,0.65,0.55,0.4,0.75,0,1,1,0,0,0,0,2,1,1,0,0
227,https://crw2020.s3-us-west-2.amazonaws.com/sg2/Plain-ST2_human_evaluation/lowest_NN_dist000329.png,https://crw2020.s3-us-west-2.amazonaws.com/sg2/Plain-ST2_human_evaluation/lowest_NN_dist000329.png,0.55,0.75,1.0,0.85,0.6,0,0,0,4,0,0,0,1,0,0,1,0
228,https://crw2020.s3-us-west-2.amazonaws.com/sg2/Plain-ST2_human_evaluation/lowest_NN_dist000354.png,https://crw2020.s3-us-west-2.amazonaws.com/sg2/Plain-ST2_human_evaluation/lowest_NN_dist000354.png,0.9,0.75,1.0,0.8,0.7,1,0,1,3,0,0,0,0,0,0,1,0
229,https://crw2020.s3-us-west-2.amazonaws.com/sg2/Plain-ST2_human_evaluation/lowest_NN_dist000362.png,https://crw2020.s3-us-west-2.amazonaws.com/sg2/Plain-ST2_human_evaluation/lowest_NN_dist000362.png,0.55,0.9,0.75,0.55,0.8,0,0,3,2,0,0,0,0,0,0,1,0
230,https://crw2020.s3-us-west-2.amazonaws.com/sg2/Plain-ST2_human_evaluation/lowest_NN_dist000386.png,https://crw2020.s3-us-west-2.amazonaws.com/sg2/Plain-ST2_human_evaluation/lowest_NN_dist000386.png,0.8,0.25,0.9,0.65,0.65,1,0,0,1,0,0,0,3,0,1,0,0
231,https://crw2020.s3-us-west-2.amazonaws.com/sg2/Plain-ST2_human_evaluation/lowest_NN_dist000387.png,https://crw2020.s3-us-west-2.amazonaws.com/sg2/Plain-ST2_human_evaluation/lowest_NN_dist000387.png,0.35,0.55,0.8,0.8,0.65,0,0,1,3,0,0,0,1,0,0,1,0
232,https://crw2020.s3-us-west-2.amazonaws.com/sg2/Plain-ST2_human_evaluation/lowest_NN_dist000401.png,https://crw2020.s3-us-west-2.amazonaws.com/sg2/Plain-ST2_human_evaluation/lowest_NN_dist000401.png,0.7,0.9,0.95,0.45,0.7,0,0,2,3,0,0,0,0,0,0,1,0
233,https://crw2020.s3-us-west-2.amazonaws.com/sg2/Plain-ST2_human_evaluation/lowest_NN_dist000416.png,https://crw2020.s3-us-west-2.amazonaws.com/sg2/Plain-ST2_human_evaluation/lowest_NN_dist000416.png,0.6,0.75,0.9,0.55,0.7,0,1,0,0,0,0,0,0,4,0,0,1
234,https://crw2020.s3-us-west-2.amazonaws.com/sg2/Plain-ST2_human_evaluation/lowest_NN_dist000421.png,https://crw2020.s3-us-west-2.amazonaws.com/sg2/Plain-ST2_human_evaluation/lowest_NN_dist000421.png,0.4,0.1,0.7,0.25,0.6,1,0,0,0,3,0,0,1,0,1,0,0
235,https://crw2020.s3-us-west-2.amazonaws.com/sg2/Plain-ST2_human_evaluation/lowest_NN_dist000427.png,https://crw2020.s3-us-west-2.amazonaws.com/sg2/Plain-ST2_human_evaluation/lowest_NN_dist000427.png,0.8,0.8,0.75,0.55,0.75,0,0,2,0,2,1,0,0,0,0,1,0
236,https://crw2020.s3-us-west-2.amazonaws.com/sg2/Plain-ST2_human_evaluation/lowest_NN_dist000459.png,https://crw2020.s3-us-west-2.amazonaws.com/sg2/Plain-ST2_human_evaluation/lowest_NN_dist000459.png,0.15,0.7,0.8,0.55,0.5,0,0,1,3,0,0,0,0,1,0,1,0
237,https://crw2020.s3-us-west-2.amazonaws.com/sg2/Plain-ST2_human_evaluation/lowest_NN_dist000460.png,https://crw2020.s3-us-west-2.amazonaws.com/sg2/Plain-ST2_human_evaluation/lowest_NN_dist000460.png,0.15,0.35,0.6,0.45,0.65,1,1,0,0,1,0,0,2,0,1,0,0
238,https://crw2020.s3-us-west-2.amazonaws.com/sg2/Plain-ST2_human_evaluation/lowest_NN_dist000470.png,https://crw2020.s3-us-west-2.amazonaws.com/sg2/Plain-ST2_human_evaluation/lowest_NN_dist000470.png,0.85,0.9,0.95,0.4,0.55,0,0,0,3,0,0,0,1,1,0,1,0
239,https://crw2020.s3-us-west-2.amazonaws.com/sg2/Plain-ST2_human_evaluation/lowest_NN_dist000489.png,https://crw2020.s3-us-west-2.amazonaws.com/sg2/Plain-ST2_human_evaluation/lowest_NN_dist000489.png,0.5,0.7,0.8,0.65,0.75,0,0,2,3,0,0,0,0,0,0,1,0
240,https://crw2020.s3-us-west-2.amazonaws.com/sg2/Plain-ST2_human_evaluation/lowest_NN_dist000501.png,https://crw2020.s3-us-west-2.amazonaws.com/sg2/Plain-ST2_human_evaluation/lowest_NN_dist000501.png,0.4,0.65,0.7,0.3,0.45,0,0,0,1,2,0,0,1,1,1,0,0
241,https://crw2020.s3-us-west-2.amazonaws.com/sg2/Plain-ST2_human_evaluation/lowest_NN_dist000514.png,https://crw2020.s3-us-west-2.amazonaws.com/sg2/Plain-ST2_human_evaluation/lowest_NN_dist000514.png,0.6,0.85,0.75,0.35,0.4,0,0,2,3,0,0,0,0,0,0,1,0
242,https://crw2020.s3-us-west-2.amazonaws.com/sg2/Plain-ST2_human_evaluation/lowest_NN_dist000516.png,https://crw2020.s3-us-west-2.amazonaws.com/sg2/Plain-ST2_human_evaluation/lowest_NN_dist000516.png,0.7,0.75,0.95,0.75,0.7,0,0,0,4,0,1,0,0,0,0,1,0
243,https://crw2020.s3-us-west-2.amazonaws.com/sg2/Plain-ST2_human_evaluation/lowest_NN_dist000518.png,https://crw2020.s3-us-west-2.amazonaws.com/sg2/Plain-ST2_human_evaluation/lowest_NN_dist000518.png,0.75,0.85,1.0,0.65,0.8,0,0,0,2,0,0,2,0,1,0,1,0
244,https://crw2020.s3-us-west-2.amazonaws.com/sg2/Plain-ST2_human_evaluation/lowest_NN_dist000526.png,https://crw2020.s3-us-west-2.amazonaws.com/sg2/Plain-ST2_human_evaluation/lowest_NN_dist000526.png,0.75,0.6,0.95,0.65,0.75,1,0,0,1,0,0,2,1,0,1,0,0
245,https://crw2020.s3-us-west-2.amazonaws.com/sg2/Plain-ST2_human_evaluation/lowest_NN_dist000528.png,https://crw2020.s3-us-west-2.amazonaws.com/sg2/Plain-ST2_human_evaluation/lowest_NN_dist000528.png,0.6,0.85,0.95,0.25,0.75,0,0,0,3,1,0,0,0,1,0,1,0
246,https://crw2020.s3-us-west-2.amazonaws.com/sg2/Plain-ST2_human_evaluation/lowest_NN_dist000529.png,https://crw2020.s3-us-west-2.amazonaws.com/sg2/Plain-ST2_human_evaluation/lowest_NN_dist000529.png,0.5,0.9,0.8,0.7,0.75,1,0,0,2,0,2,0,0,0,0,1,0
247,https://crw2020.s3-us-west-2.amazonaws.com/sg2/Plain-ST2_human_evaluation/lowest_NN_dist000530.png,https://crw2020.s3-us-west-2.amazonaws.com/sg2/Plain-ST2_human_evaluation/lowest_NN_dist000530.png,0.7,0.85,0.8,0.45,0.65,1,1,0,1,0,0,0,1,1,0,1,0
248,https://crw2020.s3-us-west-2.amazonaws.com/sg2/Plain-ST2_human_evaluation/lowest_NN_dist000531.png,https://crw2020.s3-us-west-2.amazonaws.com/sg2/Plain-ST2_human_evaluation/lowest_NN_dist000531.png,0.6,0.75,0.75,0.2,0.5,0,0,1,4,0,0,0,0,0,0,1,0
249,https://crw2020.s3-us-west-2.amazonaws.com/sg2/Plain-ST2_human_evaluation/lowest_NN_dist000553.png,https://crw2020.s3-us-west-2.amazonaws.com/sg2/Plain-ST2_human_evaluation/lowest_NN_dist000553.png,0.6,0.8,1.0,0.6,0.65,0,0,0,4,0,1,0,0,0,0,1,0
250,https://crw2020.s3-us-west-2.amazonaws.com/sg2/Plain-ST2_human_evaluation/lowest_NN_dist000563.png,https://crw2020.s3-us-west-2.amazonaws.com/sg2/Plain-ST2_human_evaluation/lowest_NN_dist000563.png,0.4,0.95,0.9,0.9,0.65,0,0,2,3,0,0,0,0,0,0,1,0
251,https://crw2020.s3-us-west-2.amazonaws.com/sg2/Plain-ST2_human_evaluation/lowest_NN_dist000564.png,https://crw2020.s3-us-west-2.amazonaws.com/sg2/Plain-ST2_human_evaluation/lowest_NN_dist000564.png,0.9,0.8,0.8,0.35,0.7,0,1,0,1,1,0,1,0,1,1,0,0
252,https://crw2020.s3-us-west-2.amazonaws.com/sg2/Plain-ST2_human_evaluation/lowest_NN_dist000565.png,https://crw2020.s3-us-west-2.amazonaws.com/sg2/Plain-ST2_human_evaluation/lowest_NN_dist000565.png,0.65,0.9,0.8,0.55,0.6,0,0,1,3,0,1,0,0,0,0,1,0
253,https://crw2020.s3-us-west-2.amazonaws.com/sg2/Plain-ST2_human_evaluation/lowest_NN_dist000566.png,https://crw2020.s3-us-west-2.amazonaws.com/sg2/Plain-ST2_human_evaluation/lowest_NN_dist000566.png,0.55,0.6,0.95,0.85,0.6,1,0,0,2,0,0,1,0,1,0,1,0
254,https://crw2020.s3-us-west-2.amazonaws.com/sg2/Plain-ST2_human_evaluation/lowest_NN_dist000572.png,https://crw2020.s3-us-west-2.amazonaws.com/sg2/Plain-ST2_human_evaluation/lowest_NN_dist000572.png,0.5,0.7,0.95,0.7,0.85,0,0,1,2,0,1,0,0,1,0,1,0
255,https://crw2020.s3-us-west-2.amazonaws.com/sg2/Plain-ST2_human_evaluation/lowest_NN_dist000578.png,https://crw2020.s3-us-west-2.amazonaws.com/sg2/Plain-ST2_human_evaluation/lowest_NN_dist000578.png,0.75,0.7,0.7,0.2,0.25,0,1,0,1,1,0,0,1,1,1,0,0
256,https://crw2020.s3-us-west-2.amazonaws.com/sg2/Plain-ST2_human_evaluation/lowest_NN_dist000609.png,https://crw2020.s3-us-west-2.amazonaws.com/sg2/Plain-ST2_human_evaluation/lowest_NN_dist000609.png,0.6,0.55,0.5,0.15,0.55,0,0,1,1,0,0,0,0,3,0,0,1
257,https://crw2020.s3-us-west-2.amazonaws.com/sg2/Plain-ST2_human_evaluation/lowest_NN_dist000612.png,https://crw2020.s3-us-west-2.amazonaws.com/sg2/Plain-ST2_human_evaluation/lowest_NN_dist000612.png,0.6,0.95,0.9,0.6,0.8,0,0,2,0,0,0,1,1,1,0,1,0
258,https://crw2020.s3-us-west-2.amazonaws.com/sg2/Plain-ST2_human_evaluation/lowest_NN_dist000626.png,https://crw2020.s3-us-west-2.amazonaws.com/sg2/Plain-ST2_human_evaluation/lowest_NN_dist000626.png,0.7,0.85,0.9,0.7,0.6,0,0,1,4,0,0,0,0,0,0,1,0
259,https://crw2020.s3-us-west-2.amazonaws.com/sg2/Plain-ST2_human_evaluation/lowest_NN_dist000631.png,https://crw2020.s3-us-west-2.amazonaws.com/sg2/Plain-ST2_human_evaluation/lowest_NN_dist000631.png,0.8,0.5,0.95,0.9,0.7,1,0,1,2,0,0,0,0,1,0,1,0
260,https://crw2020.s3-us-west-2.amazonaws.com/sg2/Plain-ST2_human_evaluation/lowest_NN_dist000662.png,https://crw2020.s3-us-west-2.amazonaws.com/sg2/Plain-ST2_human_evaluation/lowest_NN_dist000662.png,0.8,0.8,0.9,0.35,0.5,0,0,0,2,0,1,0,1,1,0,1,0
261,https://crw2020.s3-us-west-2.amazonaws.com/sg2/Plain-ST2_human_evaluation/lowest_NN_dist000687.png,https://crw2020.s3-us-west-2.amazonaws.com/sg2/Plain-ST2_human_evaluation/lowest_NN_dist000687.png,0.65,0.9,0.9,0.4,0.6,0,0,0,3,0,1,0,0,1,0,1,0
262,https://crw2020.s3-us-west-2.amazonaws.com/sg2/Plain-ST2_human_evaluation/lowest_NN_dist000694.png,https://crw2020.s3-us-west-2.amazonaws.com/sg2/Plain-ST2_human_evaluation/lowest_NN_dist000694.png,0.75,0.9,1.0,0.6,0.55,1,0,1,0,0,0,1,2,0,1,0,0
263,https://crw2020.s3-us-west-2.amazonaws.com/sg2/Plain-ST2_human_evaluation/lowest_NN_dist000714.png,https://crw2020.s3-us-west-2.amazonaws.com/sg2/Plain-ST2_human_evaluation/lowest_NN_dist000714.png,0.65,0.75,0.7,0.65,0.5,0,0,0,4,0,1,0,0,0,0,1,0
264,https://crw2020.s3-us-west-2.amazonaws.com/sg2/Plain-ST2_human_evaluation/lowest_NN_dist000720.png,https://crw2020.s3-us-west-2.amazonaws.com/sg2/Plain-ST2_human_evaluation/lowest_NN_dist000720.png,0.6,0.9,0.8,0.65,0.8,0,0,1,2,0,1,0,0,1,0,1,0
265,https://crw2020.s3-us-west-2.amazonaws.com/sg2/Plain-ST2_human_evaluation/lowest_NN_dist000735.png,https://crw2020.s3-us-west-2.amazonaws.com/sg2/Plain-ST2_human_evaluation/lowest_NN_dist000735.png,0.5,0.95,0.85,0.55,0.7,0,0,1,2,0,0,2,0,0,0,1,0
266,https://crw2020.s3-us-west-2.amazonaws.com/sg2/Plain-ST2_human_evaluation/lowest_NN_dist000740.png,https://crw2020.s3-us-west-2.amazonaws.com/sg2/Plain-ST2_human_evaluation/lowest_NN_dist000740.png,0.65,0.85,0.95,0.45,0.55,0,0,0,2,0,2,0,0,1,0,1,0
267,https://crw2020.s3-us-west-2.amazonaws.com/sg2/Plain-ST2_human_evaluation/lowest_NN_dist000742.png,https://crw2020.s3-us-west-2.amazonaws.com/sg2/Plain-ST2_human_evaluation/lowest_NN_dist000742.png,0.5,0.75,0.75,0.45,0.7,0,0,1,1,0,2,0,0,1,0,1,0
268,https://crw2020.s3-us-west-2.amazonaws.com/sg2/Plain-ST2_human_evaluation/lowest_NN_dist000746.png,https://crw2020.s3-us-west-2.amazonaws.com/sg2/Plain-ST2_human_evaluation/lowest_NN_dist000746.png,0.75,0.75,0.85,0.45,0.7,0,0,1,4,0,0,0,0,0,0,1,0
269,https://crw2020.s3-us-west-2.amazonaws.com/sg2/Plain-ST2_human_evaluation/lowest_NN_dist000769.png,https://crw2020.s3-us-west-2.amazonaws.com/sg2/Plain-ST2_human_evaluation/lowest_NN_dist000769.png,0.55,0.75,0.8,0.8,0.75,0,0,1,3,0,1,0,0,0,0,1,0
270,https://crw2020.s3-us-west-2.amazonaws.com/sg2/Plain-ST2_human_evaluation/lowest_NN_dist000771.png,https://crw2020.s3-us-west-2.amazonaws.com/sg2/Plain-ST2_human_evaluation/lowest_NN_dist000771.png,0.55,0.9,0.8,0.5,0.6,1,0,0,3,0,1,0,0,0,0,1,0
271,https://crw2020.s3-us-west-2.amazonaws.com/sg2/Plain-ST2_human_evaluation/lowest_NN_dist000779.png,https://crw2020.s3-us-west-2.amazonaws.com/sg2/Plain-ST2_human_evaluation/lowest_NN_dist000779.png,0.5,0.75,0.85,0.7,0.55,0,0,0,4,0,0,0,0,1,0,1,0
272,https://crw2020.s3-us-west-2.amazonaws.com/sg2/Plain-ST2_human_evaluation/lowest_NN_dist000793.png,https://crw2020.s3-us-west-2.amazonaws.com/sg2/Plain-ST2_human_evaluation/lowest_NN_dist000793.png,0.7,0.65,0.9,0.75,0.75,0,0,1,3,0,0,1,0,0,0,1,0
273,https://crw2020.s3-us-west-2.amazonaws.com/sg2/Plain-ST2_human_evaluation/lowest_NN_dist000797.png,https://crw2020.s3-us-west-2.amazonaws.com/sg2/Plain-ST2_human_evaluation/lowest_NN_dist000797.png,0.7,0.9,0.9,0.65,0.55,0,0,0,2,0,2,1,0,0,0,1,0
274,https://crw2020.s3-us-west-2.amazonaws.com/sg2/Plain-ST2_human_evaluation/lowest_NN_dist000798.png,https://crw2020.s3-us-west-2.amazonaws.com/sg2/Plain-ST2_human_evaluation/lowest_NN_dist000798.png,0.7,0.9,0.75,0.55,0.65,0,0,1,0,1,0,1,0,2,1,0,0
275,https://crw2020.s3-us-west-2.amazonaws.com/sg2/Plain-ST2_human_evaluation/lowest_NN_dist000814.png,https://crw2020.s3-us-west-2.amazonaws.com/sg2/Plain-ST2_human_evaluation/lowest_NN_dist000814.png,0.75,0.6,0.65,0.3,0.4,0,0,0,1,0,0,1,1,2,1,0,0
276,https://crw2020.s3-us-west-2.amazonaws.com/sg2/Plain-ST2_human_evaluation/lowest_NN_dist000821.png,https://crw2020.s3-us-west-2.amazonaws.com/sg2/Plain-ST2_human_evaluation/lowest_NN_dist000821.png,0.75,0.85,0.95,0.4,0.7,1,0,0,2,0,0,1,1,0,0,1,0
277,https://crw2020.s3-us-west-2.amazonaws.com/sg2/Plain-ST2_human_evaluation/lowest_NN_dist000835.png,https://crw2020.s3-us-west-2.amazonaws.com/sg2/Plain-ST2_human_evaluation/lowest_NN_dist000835.png,0.5,0.85,0.95,0.6,0.85,0,0,2,1,0,0,0,1,1,0,1,0
278,https://crw2020.s3-us-west-2.amazonaws.com/sg2/Plain-ST2_human_evaluation/lowest_NN_dist000838.png,https://crw2020.s3-us-west-2.amazonaws.com/sg2/Plain-ST2_human_evaluation/lowest_NN_dist000838.png,0.75,0.8,0.8,0.5,0.55,0,0,1,4,0,0,0,0,0,0,1,0
279,https://crw2020.s3-us-west-2.amazonaws.com/sg2/Plain-ST2_human_evaluation/lowest_NN_dist000839.png,https://crw2020.s3-us-west-2.amazonaws.com/sg2/Plain-ST2_human_evaluation/lowest_NN_dist000839.png,0.8,0.6,0.35,0.2,0.45,0,0,0,2,2,0,0,0,1,0,1,0
280,https://crw2020.s3-us-west-2.amazonaws.com/sg2/Plain-ST2_human_evaluation/lowest_NN_dist000846.png,https://crw2020.s3-us-west-2.amazonaws.com/sg2/Plain-ST2_human_evaluation/lowest_NN_dist000846.png,0.85,0.85,0.9,0.45,0.55,0,0,0,2,0,1,1,0,1,0,1,0
281,https://crw2020.s3-us-west-2.amazonaws.com/sg2/Plain-ST2_human_evaluation/lowest_NN_dist000853.png,https://crw2020.s3-us-west-2.amazonaws.com/sg2/Plain-ST2_human_evaluation/lowest_NN_dist000853.png,0.7,0.9,0.8,0.55,0.6,1,0,0,1,1,0,0,1,1,0,1,0
282,https://crw2020.s3-us-west-2.amazonaws.com/sg2/Plain-ST2_human_evaluation/lowest_NN_dist000855.png,https://crw2020.s3-us-west-2.amazonaws.com/sg2/Plain-ST2_human_evaluation/lowest_NN_dist000855.png,0.65,0.8,0.85,0.65,0.9,0,0,0,4,0,1,0,0,0,0,1,0
283,https://crw2020.s3-us-west-2.amazonaws.com/sg2/Plain-ST2_human_evaluation/lowest_NN_dist000859.png,https://crw2020.s3-us-west-2.amazonaws.com/sg2/Plain-ST2_human_evaluation/lowest_NN_dist000859.png,0.4,0.95,0.9,0.55,0.8,0,0,2,2,0,1,0,0,0,0,1,0
284,https://crw2020.s3-us-west-2.amazonaws.com/sg2/Plain-ST2_human_evaluation/lowest_NN_dist000864.png,https://crw2020.s3-us-west-2.amazonaws.com/sg2/Plain-ST2_human_evaluation/lowest_NN_dist000864.png,0.95,0.8,0.9,0.55,0.55,0,0,0,2,0,1,0,0,2,0,1,0
285,https://crw2020.s3-us-west-2.amazonaws.com/sg2/Plain-ST2_human_evaluation/lowest_NN_dist000867.png,https://crw2020.s3-us-west-2.amazonaws.com/sg2/Plain-ST2_human_evaluation/lowest_NN_dist000867.png,0.45,0.75,0.55,0.55,0.65,0,0,1,0,1,1,1,0,1,0,1,0
286,https://crw2020.s3-us-west-2.amazonaws.com/sg2/Plain-ST2_human_evaluation/lowest_NN_dist000883.png,https://crw2020.s3-us-west-2.amazonaws.com/sg2/Plain-ST2_human_evaluation/lowest_NN_dist000883.png,0.9,0.75,0.75,0.5,0.7,0,0,0,0,0,0,4,0,1,1,0,0
287,https://crw2020.s3-us-west-2.amazonaws.com/sg2/Plain-ST2_human_evaluation/lowest_NN_dist000885.png,https://crw2020.s3-us-west-2.amazonaws.com/sg2/Plain-ST2_human_evaluation/lowest_NN_dist000885.png,0.6,0.8,1.0,0.6,0.65,0,0,0,4,0,1,0,0,0,0,1,0
288,https://crw2020.s3-us-west-2.amazonaws.com/sg2/Plain-ST2_human_evaluation/lowest_NN_dist000886.png,https://crw2020.s3-us-west-2.amazonaws.com/sg2/Plain-ST2_human_evaluation/lowest_NN_dist000886.png,0.45,0.6,0.8,0.35,0.8,0,0,2,3,0,0,0,0,0,0,1,0
289,https://crw2020.s3-us-west-2.amazonaws.com/sg2/Plain-ST2_human_evaluation/lowest_NN_dist000891.png,https://crw2020.s3-us-west-2.amazonaws.com/sg2/Plain-ST2_human_evaluation/lowest_NN_dist000891.png,0.5,0.5,0.85,0.4,0.5,0,0,1,2,2,0,0,0,0,0,1,0
290,https://crw2020.s3-us-west-2.amazonaws.com/sg2/Plain-ST2_human_evaluation/lowest_NN_dist000903.png,https://crw2020.s3-us-west-2.amazonaws.com/sg2/Plain-ST2_human_evaluation/lowest_NN_dist000903.png,0.9,0.85,0.9,0.65,0.75,0,0,1,4,0,0,0,0,0,0,1,0
291,https://crw2020.s3-us-west-2.amazonaws.com/sg2/Plain-ST2_human_evaluation/lowest_NN_dist000920.png,https://crw2020.s3-us-west-2.amazonaws.com/sg2/Plain-ST2_human_evaluation/lowest_NN_dist000920.png,0.65,0.8,0.9,0.65,0.75,0,0,2,2,0,0,0,0,1,0,1,0
292,https://crw2020.s3-us-west-2.amazonaws.com/sg2/Plain-ST2_human_evaluation/lowest_NN_dist000924.png,https://crw2020.s3-us-west-2.amazonaws.com/sg2/Plain-ST2_human_evaluation/lowest_NN_dist000924.png,0.7,0.6,0.75,0.45,0.4,0,0,1,2,0,0,0,1,1,0,1,0
293,https://crw2020.s3-us-west-2.amazonaws.com/sg2/Plain-ST2_human_evaluation/lowest_NN_dist000926.png,https://crw2020.s3-us-west-2.amazonaws.com/sg2/Plain-ST2_human_evaluation/lowest_NN_dist000926.png,0.3,0.4,0.4,0.3,0.6,2,1,0,1,0,1,0,0,0,0,1,0
294,https://crw2020.s3-us-west-2.amazonaws.com/sg2/Plain-ST2_human_evaluation/lowest_NN_dist000941.png,https://crw2020.s3-us-west-2.amazonaws.com/sg2/Plain-ST2_human_evaluation/lowest_NN_dist000941.png,0.5,0.95,1.0,0.65,0.7,0,0,1,3,0,0,0,0,1,0,1,0
295,https://crw2020.s3-us-west-2.amazonaws.com/sg2/Plain-ST2_human_evaluation/lowest_NN_dist000949.png,https://crw2020.s3-us-west-2.amazonaws.com/sg2/Plain-ST2_human_evaluation/lowest_NN_dist000949.png,0.75,0.7,0.8,0.65,0.6,0,0,0,0,0,0,2,3,0,1,0,0
296,https://crw2020.s3-us-west-2.amazonaws.com/sg2/Plain-ST2_human_evaluation/lowest_NN_dist000963.png,https://crw2020.s3-us-west-2.amazonaws.com/sg2/Plain-ST2_human_evaluation/lowest_NN_dist000963.png,0.75,0.95,1.0,0.45,0.85,1,0,0,4,0,0,0,0,0,0,1,0
297,https://crw2020.s3-us-west-2.amazonaws.com/sg2/Plain-ST2_human_evaluation/lowest_NN_dist000966.png,https://crw2020.s3-us-west-2.amazonaws.com/sg2/Plain-ST2_human_evaluation/lowest_NN_dist000966.png,0.7,0.8,0.85,0.65,0.85,0,0,1,2,0,0,2,0,0,0,1,0
298,https://crw2020.s3-us-west-2.amazonaws.com/sg2/Plain-ST2_human_evaluation/lowest_NN_dist000969.png,https://crw2020.s3-us-west-2.amazonaws.com/sg2/Plain-ST2_human_evaluation/lowest_NN_dist000969.png,0.9,0.9,0.7,0.7,0.8,0,0,1,2,0,0,2,0,0,0,1,0
299,https://crw2020.s3-us-west-2.amazonaws.com/sg2/Plain-ST2_human_evaluation/lowest_NN_dist000991.png,https://crw2020.s3-us-west-2.amazonaws.com/sg2/Plain-ST2_human_evaluation/lowest_NN_dist000991.png,0.55,0.8,0.95,0.5,0.75,0,0,0,4,0,0,1,0,0,0,1,0
300,https://crw2020.s3-us-west-2.amazonaws.com/sg2/Plain-ST2_human_evaluation/random000001.png,https://crw2020.s3-us-west-2.amazonaws.com/sg2/Plain-ST2_human_evaluation/random000001.png,0.6,0.55,0.9,0.25,0.7,0,0,1,0,0,0,0,4,0,1,0,0
301,https://crw2020.s3-us-west-2.amazonaws.com/sg2/Plain-ST2_human_evaluation/random000008.png,https://crw2020.s3-us-west-2.amazonaws.com/sg2/Plain-ST2_human_evaluation/random000008.png,0.45,0.85,0.95,0.3,0.8,0,0,1,2,0,1,0,0,1,0,1,0
302,https://crw2020.s3-us-west-2.amazonaws.com/sg2/Plain-ST2_human_evaluation/random000022.png,https://crw2020.s3-us-west-2.amazonaws.com/sg2/Plain-ST2_human_evaluation/random000022.png,0.6,0.8,0.9,0.45,0.85,0,0,1,2,0,0,0,2,0,0,1,0
303,https://crw2020.s3-us-west-2.amazonaws.com/sg2/Plain-ST2_human_evaluation/random000028.png,https://crw2020.s3-us-west-2.amazonaws.com/sg2/Plain-ST2_human_evaluation/random000028.png,0.3,0.3,0.65,0.45,0.6,0,0,1,1,1,0,0,1,1,0,1,0
304,https://crw2020.s3-us-west-2.amazonaws.com/sg2/Plain-ST2_human_evaluation/random000040.png,https://crw2020.s3-us-west-2.amazonaws.com/sg2/Plain-ST2_human_evaluation/random000040.png,0.4,0.95,0.95,0.4,0.6,0,0,0,4,0,0,0,1,0,0,1,0
305,https://crw2020.s3-us-west-2.amazonaws.com/sg2/Plain-ST2_human_evaluation/random000053.png,https://crw2020.s3-us-west-2.amazonaws.com/sg2/Plain-ST2_human_evaluation/random000053.png,0.8,0.8,0.95,0.35,0.65,0,0,1,3,0,0,1,0,0,0,1,0
306,https://crw2020.s3-us-west-2.amazonaws.com/sg2/Plain-ST2_human_evaluation/random000069.png,https://crw2020.s3-us-west-2.amazonaws.com/sg2/Plain-ST2_human_evaluation/random000069.png,0.65,0.15,0.55,0.3,0.6,3,1,0,0,0,0,0,0,1,0,1,0
307,https://crw2020.s3-us-west-2.amazonaws.com/sg2/Plain-ST2_human_evaluation/random000084.png,https://crw2020.s3-us-west-2.amazonaws.com/sg2/Plain-ST2_human_evaluation/random000084.png,0.6,0.55,0.8,0.9,0.75,0,0,1,4,0,0,0,0,0,0,1,0
308,https://crw2020.s3-us-west-2.amazonaws.com/sg2/Plain-ST2_human_evaluation/random000088.png,https://crw2020.s3-us-west-2.amazonaws.com/sg2/Plain-ST2_human_evaluation/random000088.png,0.8,0.65,0.6,0.6,0.5,0,1,0,0,0,1,1,0,2,1,0,0
309,https://crw2020.s3-us-west-2.amazonaws.com/sg2/Plain-ST2_human_evaluation/random000096.png,https://crw2020.s3-us-west-2.amazonaws.com/sg2/Plain-ST2_human_evaluation/random000096.png,0.55,0.7,0.85,0.75,0.9,0,0,1,0,1,1,2,0,0,1,0,0
310,https://crw2020.s3-us-west-2.amazonaws.com/sg2/Plain-ST2_human_evaluation/random000099.png,https://crw2020.s3-us-west-2.amazonaws.com/sg2/Plain-ST2_human_evaluation/random000099.png,0.65,0.55,1.0,0.25,0.6,1,0,0,1,1,0,2,0,0,1,0,0
311,https://crw2020.s3-us-west-2.amazonaws.com/sg2/Plain-ST2_human_evaluation/random000109.png,https://crw2020.s3-us-west-2.amazonaws.com/sg2/Plain-ST2_human_evaluation/random000109.png,0.65,0.9,0.7,0.4,0.75,0,0,0,0,0,1,3,0,1,1,0,0
312,https://crw2020.s3-us-west-2.amazonaws.com/sg2/Plain-ST2_human_evaluation/random000121.png,https://crw2020.s3-us-west-2.amazonaws.com/sg2/Plain-ST2_human_evaluation/random000121.png,0.65,0.8,0.5,0.6,0.85,0,0,1,0,0,0,3,0,1,1,0,0
313,https://crw2020.s3-us-west-2.amazonaws.com/sg2/Plain-ST2_human_evaluation/random000145.png,https://crw2020.s3-us-west-2.amazonaws.com/sg2/Plain-ST2_human_evaluation/random000145.png,0.5,0.6,0.5,0.45,0.5,1,1,0,0,0,1,1,1,0,1,0,0
314,https://crw2020.s3-us-west-2.amazonaws.com/sg2/Plain-ST2_human_evaluation/random000158.png,https://crw2020.s3-us-west-2.amazonaws.com/sg2/Plain-ST2_human_evaluation/random000158.png,0.65,0.95,0.7,0.55,0.15,0,0,1,0,0,0,1,2,1,1,0,0
315,https://crw2020.s3-us-west-2.amazonaws.com/sg2/Plain-ST2_human_evaluation/random000185.png,https://crw2020.s3-us-west-2.amazonaws.com/sg2/Plain-ST2_human_evaluation/random000185.png,0.75,0.55,0.95,0.65,0.55,0,0,0,0,1,0,2,2,0,1,0,0
316,https://crw2020.s3-us-west-2.amazonaws.com/sg2/Plain-ST2_human_evaluation/random000212.png,https://crw2020.s3-us-west-2.amazonaws.com/sg2/Plain-ST2_human_evaluation/random000212.png,0.35,0.85,0.8,0.75,0.65,0,0,0,3,0,1,1,0,0,0,1,0
317,https://crw2020.s3-us-west-2.amazonaws.com/sg2/Plain-ST2_human_evaluation/random000215.png,https://crw2020.s3-us-west-2.amazonaws.com/sg2/Plain-ST2_human_evaluation/random000215.png,0.55,0.9,0.75,0.55,0.75,1,0,0,0,0,1,2,1,0,1,0,0
318,https://crw2020.s3-us-west-2.amazonaws.com/sg2/Plain-ST2_human_evaluation/random000219.png,https://crw2020.s3-us-west-2.amazonaws.com/sg2/Plain-ST2_human_evaluation/random000219.png,0.85,0.8,0.95,0.6,0.7,0,0,2,1,0,0,0,0,2,0,1,0
319,https://crw2020.s3-us-west-2.amazonaws.com/sg2/Plain-ST2_human_evaluation/random000222.png,https://crw2020.s3-us-west-2.amazonaws.com/sg2/Plain-ST2_human_evaluation/random000222.png,0.8,0.95,0.8,0.85,0.75,0,0,4,0,0,0,0,1,0,0,1,0
320,https://crw2020.s3-us-west-2.amazonaws.com/sg2/Plain-ST2_human_evaluation/random000232.png,https://crw2020.s3-us-west-2.amazonaws.com/sg2/Plain-ST2_human_evaluation/random000232.png,0.6,0.4,0.95,0.5,0.65,0,0,0,0,1,0,1,1,2,1,0,0
321,https://crw2020.s3-us-west-2.amazonaws.com/sg2/Plain-ST2_human_evaluation/random000249.png,https://crw2020.s3-us-west-2.amazonaws.com/sg2/Plain-ST2_human_evaluation/random000249.png,0.45,0.7,0.65,0.3,0.7,0,1,0,1,0,0,1,1,1,1,0,0
322,https://crw2020.s3-us-west-2.amazonaws.com/sg2/Plain-ST2_human_evaluation/random000262.png,https://crw2020.s3-us-west-2.amazonaws.com/sg2/Plain-ST2_human_evaluation/random000262.png,0.5,0.65,0.8,0.75,0.8,0,0,0,4,0,1,0,0,0,0,1,0
323,https://crw2020.s3-us-west-2.amazonaws.com/sg2/Plain-ST2_human_evaluation/random000268.png,https://crw2020.s3-us-west-2.amazonaws.com/sg2/Plain-ST2_human_evaluation/random000268.png,0.45,0.65,0.85,0.5,0.7,1,0,0,0,1,1,1,0,1,0,1,0
324,https://crw2020.s3-us-west-2.amazonaws.com/sg2/Plain-ST2_human_evaluation/random000272.png,https://crw2020.s3-us-west-2.amazonaws.com/sg2/Plain-ST2_human_evaluation/random000272.png,0.55,0.6,0.65,0.75,0.6,0,0,1,3,0,1,0,0,0,0,1,0
325,https://crw2020.s3-us-west-2.amazonaws.com/sg2/Plain-ST2_human_evaluation/random000293.png,https://crw2020.s3-us-west-2.amazonaws.com/sg2/Plain-ST2_human_evaluation/random000293.png,0.55,0.75,0.85,0.7,0.7,0,0,1,2,0,1,0,0,1,0,1,0
326,https://crw2020.s3-us-west-2.amazonaws.com/sg2/Plain-ST2_human_evaluation/random000296.png,https://crw2020.s3-us-west-2.amazonaws.com/sg2/Plain-ST2_human_evaluation/random000296.png,0.55,0.7,0.85,0.3,0.6,0,0,0,2,1,0,0,0,2,0,1,0
327,https://crw2020.s3-us-west-2.amazonaws.com/sg2/Plain-ST2_human_evaluation/random000299.png,https://crw2020.s3-us-west-2.amazonaws.com/sg2/Plain-ST2_human_evaluation/random000299.png,0.75,0.65,0.95,0.7,0.8,0,0,0,0,0,0,3,0,2,1,0,0
328,https://crw2020.s3-us-west-2.amazonaws.com/sg2/Plain-ST2_human_evaluation/random000328.png,https://crw2020.s3-us-west-2.amazonaws.com/sg2/Plain-ST2_human_evaluation/random000328.png,0.6,0.75,0.7,0.6,0.8,0,0,0,1,0,0,0,4,0,1,0,0
329,https://crw2020.s3-us-west-2.amazonaws.com/sg2/Plain-ST2_human_evaluation/random000331.png,https://crw2020.s3-us-west-2.amazonaws.com/sg2/Plain-ST2_human_evaluation/random000331.png,0.55,0.65,0.6,0.3,0.55,1,0,1,1,0,0,1,0,1,0,1,0
330,https://crw2020.s3-us-west-2.amazonaws.com/sg2/Plain-ST2_human_evaluation/random000365.png,https://crw2020.s3-us-west-2.amazonaws.com/sg2/Plain-ST2_human_evaluation/random000365.png,0.85,0.9,0.8,0.3,0.6,0,0,0,1,1,3,0,0,0,0,1,0
331,https://crw2020.s3-us-west-2.amazonaws.com/sg2/Plain-ST2_human_evaluation/random000371.png,https://crw2020.s3-us-west-2.amazonaws.com/sg2/Plain-ST2_human_evaluation/random000371.png,0.65,0.8,0.9,0.6,0.6,0,0,2,2,0,0,1,0,0,0,1,0
332,https://crw2020.s3-us-west-2.amazonaws.com/sg2/Plain-ST2_human_evaluation/random000378.png,https://crw2020.s3-us-west-2.amazonaws.com/sg2/Plain-ST2_human_evaluation/random000378.png,0.65,0.65,0.85,0.5,0.65,0,0,0,0,0,0,3,1,1,1,0,0
333,https://crw2020.s3-us-west-2.amazonaws.com/sg2/Plain-ST2_human_evaluation/random000381.png,https://crw2020.s3-us-west-2.amazonaws.com/sg2/Plain-ST2_human_evaluation/random000381.png,0.55,0.55,0.9,0.5,0.8,1,0,0,1,0,1,1,0,1,0,1,0
334,https://crw2020.s3-us-west-2.amazonaws.com/sg2/Plain-ST2_human_evaluation/random000401.png,https://crw2020.s3-us-west-2.amazonaws.com/sg2/Plain-ST2_human_evaluation/random000401.png,0.8,0.9,1.0,0.55,0.75,0,0,1,4,0,0,0,0,0,0,1,0
335,https://crw2020.s3-us-west-2.amazonaws.com/sg2/Plain-ST2_human_evaluation/random000434.png,https://crw2020.s3-us-west-2.amazonaws.com/sg2/Plain-ST2_human_evaluation/random000434.png,0.8,1.0,0.8,0.6,0.6,0,0,0,3,0,1,1,0,0,0,1,0
336,https://crw2020.s3-us-west-2.amazonaws.com/sg2/Plain-ST2_human_evaluation/random000445.png,https://crw2020.s3-us-west-2.amazonaws.com/sg2/Plain-ST2_human_evaluation/random000445.png,0.55,0.9,0.9,0.7,0.4,2,0,0,1,0,2,0,0,0,0,1,0
337,https://crw2020.s3-us-west-2.amazonaws.com/sg2/Plain-ST2_human_evaluation/random000448.png,https://crw2020.s3-us-west-2.amazonaws.com/sg2/Plain-ST2_human_evaluation/random000448.png,0.65,0.8,0.65,0.7,0.75,0,0,1,2,0,1,0,0,1,0,1,0
338,https://crw2020.s3-us-west-2.amazonaws.com/sg2/Plain-ST2_human_evaluation/random000455.png,https://crw2020.s3-us-west-2.amazonaws.com/sg2/Plain-ST2_human_evaluation/random000455.png,0.55,0.8,0.7,0.45,0.5,1,0,1,1,0,0,0,1,1,0,1,0
339,https://crw2020.s3-us-west-2.amazonaws.com/sg2/Plain-ST2_human_evaluation/random000490.png,https://crw2020.s3-us-west-2.amazonaws.com/sg2/Plain-ST2_human_evaluation/random000490.png,0.35,0.45,0.75,0.6,0.55,1,0,0,0,0,1,2,0,1,0,1,0
340,https://crw2020.s3-us-west-2.amazonaws.com/sg2/Plain-ST2_human_evaluation/random000496.png,https://crw2020.s3-us-west-2.amazonaws.com/sg2/Plain-ST2_human_evaluation/random000496.png,0.4,0.2,0.8,0.55,0.55,1,0,0,0,0,0,0,2,2,1,0,0
341,https://crw2020.s3-us-west-2.amazonaws.com/sg2/Plain-ST2_human_evaluation/random000514.png,https://crw2020.s3-us-west-2.amazonaws.com/sg2/Plain-ST2_human_evaluation/random000514.png,0.45,1.0,0.9,0.3,0.5,0,0,0,3,0,1,0,0,1,0,1,0
342,https://crw2020.s3-us-west-2.amazonaws.com/sg2/Plain-ST2_human_evaluation/random000529.png,https://crw2020.s3-us-west-2.amazonaws.com/sg2/Plain-ST2_human_evaluation/random000529.png,0.65,1.0,1.0,0.65,0.45,0,0,2,2,0,0,0,1,0,0,1,0
343,https://crw2020.s3-us-west-2.amazonaws.com/sg2/Plain-ST2_human_evaluation/random000538.png,https://crw2020.s3-us-west-2.amazonaws.com/sg2/Plain-ST2_human_evaluation/random000538.png,0.6,0.7,0.7,0.2,0.3,0,0,0,1,0,0,1,1,2,1,0,0
344,https://crw2020.s3-us-west-2.amazonaws.com/sg2/Plain-ST2_human_evaluation/random000539.png,https://crw2020.s3-us-west-2.amazonaws.com/sg2/Plain-ST2_human_evaluation/random000539.png,0.85,0.65,0.85,0.7,0.4,1,0,1,1,0,1,0,1,0,0,1,0
345,https://crw2020.s3-us-west-2.amazonaws.com/sg2/Plain-ST2_human_evaluation/random000545.png,https://crw2020.s3-us-west-2.amazonaws.com/sg2/Plain-ST2_human_evaluation/random000545.png,0.7,0.7,0.75,0.2,0.65,0,0,0,4,0,0,0,0,1,0,1,0
346,https://crw2020.s3-us-west-2.amazonaws.com/sg2/Plain-ST2_human_evaluation/random000547.png,https://crw2020.s3-us-west-2.amazonaws.com/sg2/Plain-ST2_human_evaluation/random000547.png,0.75,0.85,1.0,0.75,0.8,0,0,2,1,0,1,0,1,0,0,1,0
347,https://crw2020.s3-us-west-2.amazonaws.com/sg2/Plain-ST2_human_evaluation/random000555.png,https://crw2020.s3-us-west-2.amazonaws.com/sg2/Plain-ST2_human_evaluation/random000555.png,0.75,0.75,1.0,0.5,0.8,1,0,2,0,0,1,0,0,1,0,1,0
348,https://crw2020.s3-us-west-2.amazonaws.com/sg2/Plain-ST2_human_evaluation/random000560.png,https://crw2020.s3-us-west-2.amazonaws.com/sg2/Plain-ST2_human_evaluation/random000560.png,0.65,0.65,0.95,0.3,0.75,0,0,0,0,0,1,2,2,0,1,0,0
349,https://crw2020.s3-us-west-2.amazonaws.com/sg2/Plain-ST2_human_evaluation/random000570.png,https://crw2020.s3-us-west-2.amazonaws.com/sg2/Plain-ST2_human_evaluation/random000570.png,0.5,0.65,0.85,0.8,0.6,0,0,1,0,0,2,0,1,1,0,1,0
350,https://crw2020.s3-us-west-2.amazonaws.com/sg2/Plain-ST2_human_evaluation/random000572.png,https://crw2020.s3-us-west-2.amazonaws.com/sg2/Plain-ST2_human_evaluation/random000572.png,0.55,0.85,1.0,0.6,0.65,1,0,0,3,0,0,0,0,1,0,1,0
351,https://crw2020.s3-us-west-2.amazonaws.com/sg2/Plain-ST2_human_evaluation/random000581.png,https://crw2020.s3-us-west-2.amazonaws.com/sg2/Plain-ST2_human_evaluation/random000581.png,0.35,0.45,0.8,0.4,0.65,0,0,0,0,1,0,0,4,0,1,0,0
352,https://crw2020.s3-us-west-2.amazonaws.com/sg2/Plain-ST2_human_evaluation/random000583.png,https://crw2020.s3-us-west-2.amazonaws.com/sg2/Plain-ST2_human_evaluation/random000583.png,0.75,0.55,0.85,0.6,0.6,0,0,0,1,0,2,1,1,0,0,1,0
353,https://crw2020.s3-us-west-2.amazonaws.com/sg2/Plain-ST2_human_evaluation/random000587.png,https://crw2020.s3-us-west-2.amazonaws.com/sg2/Plain-ST2_human_evaluation/random000587.png,0.8,1.0,0.95,0.95,0.8,1,0,0,3,0,1,0,0,0,0,1,0
354,https://crw2020.s3-us-west-2.amazonaws.com/sg2/Plain-ST2_human_evaluation/random000590.png,https://crw2020.s3-us-west-2.amazonaws.com/sg2/Plain-ST2_human_evaluation/random000590.png,0.65,0.8,0.8,0.65,0.6,0,0,0,2,0,0,0,2,1,0,1,0
355,https://crw2020.s3-us-west-2.amazonaws.com/sg2/Plain-ST2_human_evaluation/random000600.png,https://crw2020.s3-us-west-2.amazonaws.com/sg2/Plain-ST2_human_evaluation/random000600.png,0.55,0.75,0.95,0.75,0.6,0,0,1,2,0,1,0,0,1,0,1,0
356,https://crw2020.s3-us-west-2.amazonaws.com/sg2/Plain-ST2_human_evaluation/random000625.png,https://crw2020.s3-us-west-2.amazonaws.com/sg2/Plain-ST2_human_evaluation/random000625.png,0.8,0.95,0.8,0.7,0.65,0,1,0,2,0,0,1,0,1,0,1,0
357,https://crw2020.s3-us-west-2.amazonaws.com/sg2/Plain-ST2_human_evaluation/random000633.png,https://crw2020.s3-us-west-2.amazonaws.com/sg2/Plain-ST2_human_evaluation/random000633.png,0.85,0.8,1.0,0.8,0.65,0,0,0,1,0,0,2,1,1,1,0,0
358,https://crw2020.s3-us-west-2.amazonaws.com/sg2/Plain-ST2_human_evaluation/random000634.png,https://crw2020.s3-us-west-2.amazonaws.com/sg2/Plain-ST2_human_evaluation/random000634.png,0.95,0.45,0.85,0.7,0.55,0,0,0,2,1,0,0,2,0,1,0,0
359,https://crw2020.s3-us-west-2.amazonaws.com/sg2/Plain-ST2_human_evaluation/random000640.png,https://crw2020.s3-us-west-2.amazonaws.com/sg2/Plain-ST2_human_evaluation/random000640.png,0.65,0.65,0.85,0.7,0.7,0,0,0,2,0,0,3,0,0,1,0,0
360,https://crw2020.s3-us-west-2.amazonaws.com/sg2/Plain-ST2_human_evaluation/random000643.png,https://crw2020.s3-us-west-2.amazonaws.com/sg2/Plain-ST2_human_evaluation/random000643.png,0.7,0.75,1.0,0.7,0.9,1,0,2,2,0,0,0,0,0,0,1,0
361,https://crw2020.s3-us-west-2.amazonaws.com/sg2/Plain-ST2_human_evaluation/random000654.png,https://crw2020.s3-us-west-2.amazonaws.com/sg2/Plain-ST2_human_evaluation/random000654.png,0.45,0.35,0.9,0.2,0.7,0,1,1,0,0,0,1,1,1,1,0,0
362,https://crw2020.s3-us-west-2.amazonaws.com/sg2/Plain-ST2_human_evaluation/random000659.png,https://crw2020.s3-us-west-2.amazonaws.com/sg2/Plain-ST2_human_evaluation/random000659.png,0.8,0.75,0.85,0.65,0.65,0,0,4,1,0,0,0,0,0,0,1,0
363,https://crw2020.s3-us-west-2.amazonaws.com/sg2/Plain-ST2_human_evaluation/random000666.png,https://crw2020.s3-us-west-2.amazonaws.com/sg2/Plain-ST2_human_evaluation/random000666.png,0.7,0.95,1.0,0.6,0.75,0,1,1,0,0,1,1,1,0,1,0,0
364,https://crw2020.s3-us-west-2.amazonaws.com/sg2/Plain-ST2_human_evaluation/random000668.png,https://crw2020.s3-us-west-2.amazonaws.com/sg2/Plain-ST2_human_evaluation/random000668.png,0.4,0.95,0.95,0.5,0.6,1,0,1,1,0,2,0,0,0,0,1,0
365,https://crw2020.s3-us-west-2.amazonaws.com/sg2/Plain-ST2_human_evaluation/random000671.png,https://crw2020.s3-us-west-2.amazonaws.com/sg2/Plain-ST2_human_evaluation/random000671.png,0.3,0.5,0.2,0.5,0.7,2,0,1,0,0,0,1,0,1,0,1,0
366,https://crw2020.s3-us-west-2.amazonaws.com/sg2/Plain-ST2_human_evaluation/random000695.png,https://crw2020.s3-us-west-2.amazonaws.com/sg2/Plain-ST2_human_evaluation/random000695.png,0.75,0.9,0.8,0.4,0.7,0,0,0,0,1,0,1,3,0,1,0,0
367,https://crw2020.s3-us-west-2.amazonaws.com/sg2/Plain-ST2_human_evaluation/random000709.png,https://crw2020.s3-us-west-2.amazonaws.com/sg2/Plain-ST2_human_evaluation/random000709.png,0.7,0.4,0.7,0.5,0.65,1,0,0,1,0,1,1,0,1,0,1,0
368,https://crw2020.s3-us-west-2.amazonaws.com/sg2/Plain-ST2_human_evaluation/random000726.png,https://crw2020.s3-us-west-2.amazonaws.com/sg2/Plain-ST2_human_evaluation/random000726.png,0.6,0.9,0.85,0.4,0.75,0,0,0,1,0,1,2,1,0,1,0,0
369,https://crw2020.s3-us-west-2.amazonaws.com/sg2/Plain-ST2_human_evaluation/random000741.png,https://crw2020.s3-us-west-2.amazonaws.com/sg2/Plain-ST2_human_evaluation/random000741.png,0.5,0.65,0.6,0.65,0.8,0,0,1,1,1,1,0,1,0,0,1,0
370,https://crw2020.s3-us-west-2.amazonaws.com/sg2/Plain-ST2_human_evaluation/random000751.png,https://crw2020.s3-us-west-2.amazonaws.com/sg2/Plain-ST2_human_evaluation/random000751.png,0.8,0.85,0.6,0.6,0.65,0,0,1,2,0,2,0,0,0,0,1,0
371,https://crw2020.s3-us-west-2.amazonaws.com/sg2/Plain-ST2_human_evaluation/random000770.png,https://crw2020.s3-us-west-2.amazonaws.com/sg2/Plain-ST2_human_evaluation/random000770.png,0.6,0.55,0.9,0.5,0.7,0,0,0,1,1,1,0,2,0,1,0,0
372,https://crw2020.s3-us-west-2.amazonaws.com/sg2/Plain-ST2_human_evaluation/random000774.png,https://crw2020.s3-us-west-2.amazonaws.com/sg2/Plain-ST2_human_evaluation/random000774.png,0.7,0.95,0.75,0.7,0.55,0,0,1,3,0,0,0,1,0,0,1,0
373,https://crw2020.s3-us-west-2.amazonaws.com/sg2/Plain-ST2_human_evaluation/random000795.png,https://crw2020.s3-us-west-2.amazonaws.com/sg2/Plain-ST2_human_evaluation/random000795.png,0.7,0.75,0.95,0.5,0.5,1,0,1,3,0,0,0,0,0,0,1,0
374,https://crw2020.s3-us-west-2.amazonaws.com/sg2/Plain-ST2_human_evaluation/random000810.png,https://crw2020.s3-us-west-2.amazonaws.com/sg2/Plain-ST2_human_evaluation/random000810.png,0.55,0.65,0.5,0.4,0.5,1,0,0,0,1,1,1,0,1,0,1,0
375,https://crw2020.s3-us-west-2.amazonaws.com/sg2/Plain-ST2_human_evaluation/random000814.png,https://crw2020.s3-us-west-2.amazonaws.com/sg2/Plain-ST2_human_evaluation/random000814.png,0.7,0.45,0.55,0.15,0.35,1,1,0,0,0,0,2,0,1,1,0,0
376,https://crw2020.s3-us-west-2.amazonaws.com/sg2/Plain-ST2_human_evaluation/random000816.png,https://crw2020.s3-us-west-2.amazonaws.com/sg2/Plain-ST2_human_evaluation/random000816.png,0.65,0.8,0.75,0.45,0.65,1,0,1,0,0,1,1,1,0,0,1,0
377,https://crw2020.s3-us-west-2.amazonaws.com/sg2/Plain-ST2_human_evaluation/random000823.png,https://crw2020.s3-us-west-2.amazonaws.com/sg2/Plain-ST2_human_evaluation/random000823.png,0.7,0.75,1.0,0.75,0.75,0,0,0,2,0,1,0,0,2,0,1,0
378,https://crw2020.s3-us-west-2.amazonaws.com/sg2/Plain-ST2_human_evaluation/random000839.png,https://crw2020.s3-us-west-2.amazonaws.com/sg2/Plain-ST2_human_evaluation/random000839.png,0.5,0.6,0.5,0.3,0.55,0,0,0,1,2,1,0,0,1,0,1,0
379,https://crw2020.s3-us-west-2.amazonaws.com/sg2/Plain-ST2_human_evaluation/random000847.png,https://crw2020.s3-us-west-2.amazonaws.com/sg2/Plain-ST2_human_evaluation/random000847.png,0.9,0.35,0.95,0.45,0.45,0,2,0,1,0,0,1,0,1,1,0,0
380,https://crw2020.s3-us-west-2.amazonaws.com/sg2/Plain-ST2_human_evaluation/random000856.png,https://crw2020.s3-us-west-2.amazonaws.com/sg2/Plain-ST2_human_evaluation/random000856.png,0.75,0.65,0.85,0.4,0.65,1,0,1,1,0,1,0,0,1,0,1,0
381,https://crw2020.s3-us-west-2.amazonaws.com/sg2/Plain-ST2_human_evaluation/random000857.png,https://crw2020.s3-us-west-2.amazonaws.com/sg2/Plain-ST2_human_evaluation/random000857.png,0.7,0.7,0.65,0.35,0.55,0,0,0,1,0,0,1,2,1,1,0,0
382,https://crw2020.s3-us-west-2.amazonaws.com/sg2/Plain-ST2_human_evaluation/random000879.png,https://crw2020.s3-us-west-2.amazonaws.com/sg2/Plain-ST2_human_evaluation/random000879.png,0.75,0.55,0.75,0.6,0.65,0,0,0,0,1,0,1,3,0,1,0,0
383,https://crw2020.s3-us-west-2.amazonaws.com/sg2/Plain-ST2_human_evaluation/random000881.png,https://crw2020.s3-us-west-2.amazonaws.com/sg2/Plain-ST2_human_evaluation/random000881.png,0.65,0.75,0.8,0.35,0.7,1,0,0,1,0,0,2,0,1,0,1,0
384,https://crw2020.s3-us-west-2.amazonaws.com/sg2/Plain-ST2_human_evaluation/random000884.png,https://crw2020.s3-us-west-2.amazonaws.com/sg2/Plain-ST2_human_evaluation/random000884.png,0.75,0.8,0.7,0.55,0.4,2,0,1,0,1,0,0,0,1,0,1,0
385,https://crw2020.s3-us-west-2.amazonaws.com/sg2/Plain-ST2_human_evaluation/random000886.png,https://crw2020.s3-us-west-2.amazonaws.com/sg2/Plain-ST2_human_evaluation/random000886.png,0.55,0.9,0.95,0.5,0.8,0,0,0,4,0,0,0,0,1,0,1,0
386,https://crw2020.s3-us-west-2.amazonaws.com/sg2/Plain-ST2_human_evaluation/random000887.png,https://crw2020.s3-us-west-2.amazonaws.com/sg2/Plain-ST2_human_evaluation/random000887.png,0.4,0.7,0.9,0.3,0.9,1,0,2,2,0,0,0,0,0,0,1,0
387,https://crw2020.s3-us-west-2.amazonaws.com/sg2/Plain-ST2_human_evaluation/random000890.png,https://crw2020.s3-us-west-2.amazonaws.com/sg2/Plain-ST2_human_evaluation/random000890.png,0.6,0.4,0.75,0.55,0.45,0,0,1,3,0,1,0,0,0,0,1,0
388,https://crw2020.s3-us-west-2.amazonaws.com/sg2/Plain-ST2_human_evaluation/random000892.png,https://crw2020.s3-us-west-2.amazonaws.com/sg2/Plain-ST2_human_evaluation/random000892.png,0.65,0.5,0.95,0.7,0.65,0,0,0,0,0,0,1,2,2,1,0,0
389,https://crw2020.s3-us-west-2.amazonaws.com/sg2/Plain-ST2_human_evaluation/random000907.png,https://crw2020.s3-us-west-2.amazonaws.com/sg2/Plain-ST2_human_evaluation/random000907.png,0.5,0.45,0.4,0.6,0.55,0,1,0,0,0,0,2,0,2,1,0,0
390,https://crw2020.s3-us-west-2.amazonaws.com/sg2/Plain-ST2_human_evaluation/random000924.png,https://crw2020.s3-us-west-2.amazonaws.com/sg2/Plain-ST2_human_evaluation/random000924.png,0.45,0.95,0.8,0.6,0.75,0,0,1,3,0,0,1,0,0,0,1,0
391,https://crw2020.s3-us-west-2.amazonaws.com/sg2/Plain-ST2_human_evaluation/random000925.png,https://crw2020.s3-us-west-2.amazonaws.com/sg2/Plain-ST2_human_evaluation/random000925.png,0.4,0.75,0.5,0.45,0.6,0,0,1,1,0,2,0,0,1,0,1,0
392,https://crw2020.s3-us-west-2.amazonaws.com/sg2/Plain-ST2_human_evaluation/random000945.png,https://crw2020.s3-us-west-2.amazonaws.com/sg2/Plain-ST2_human_evaluation/random000945.png,0.7,0.8,0.75,0.35,0.7,1,0,0,1,2,0,0,0,1,0,1,0
393,https://crw2020.s3-us-west-2.amazonaws.com/sg2/Plain-ST2_human_evaluation/random000949.png,https://crw2020.s3-us-west-2.amazonaws.com/sg2/Plain-ST2_human_evaluation/random000949.png,0.55,0.9,0.95,0.6,0.7,0,0,0,2,0,0,3,0,0,1,0,0
394,https://crw2020.s3-us-west-2.amazonaws.com/sg2/Plain-ST2_human_evaluation/random000970.png,https://crw2020.s3-us-west-2.amazonaws.com/sg2/Plain-ST2_human_evaluation/random000970.png,0.5,0.55,0.8,0.75,0.55,0,0,0,0,1,0,1,1,2,1,0,0
395,https://crw2020.s3-us-west-2.amazonaws.com/sg2/Plain-ST2_human_evaluation/random000973.png,https://crw2020.s3-us-west-2.amazonaws.com/sg2/Plain-ST2_human_evaluation/random000973.png,0.75,0.65,0.95,0.55,0.7,0,0,1,2,0,0,0,2,0,0,1,0
396,https://crw2020.s3-us-west-2.amazonaws.com/sg2/Plain-ST2_human_evaluation/random000974.png,https://crw2020.s3-us-west-2.amazonaws.com/sg2/Plain-ST2_human_evaluation/random000974.png,0.55,0.8,0.8,0.65,0.75,0,0,1,2,0,0,0,1,1,0,1,0
397,https://crw2020.s3-us-west-2.amazonaws.com/sg2/Plain-ST2_human_evaluation/random000977.png,https://crw2020.s3-us-west-2.amazonaws.com/sg2/Plain-ST2_human_evaluation/random000977.png,0.8,0.75,0.8,0.65,0.8,0,1,1,1,0,0,1,0,1,0,1,0
398,https://crw2020.s3-us-west-2.amazonaws.com/sg2/Plain-ST2_human_evaluation/random000988.png,https://crw2020.s3-us-west-2.amazonaws.com/sg2/Plain-ST2_human_evaluation/random000988.png,0.4,0.4,1.0,0.45,0.5,1,0,0,0,1,0,3,0,0,1,0,0
399,https://crw2020.s3-us-west-2.amazonaws.com/sg2/Plain-ST2_human_evaluation/random000992.png,https://crw2020.s3-us-west-2.amazonaws.com/sg2/Plain-ST2_human_evaluation/random000992.png,0.6,0.55,0.85,0.6,0.55,1,0,1,0,0,0,0,2,1,0,1,0
