Input.image,absolute-vs-relative,multiplicity-vs-unity,linearly-vs-painterly,planar-vs-recessional,closed-form-vs-open-form
https://crw2020.s3-us-west-2.amazonaws.com/sg2/KL-ST2_human_evaluation/highest_NN_dist000005.png,0.8,0.55,1.0,0.85,0.8
https://crw2020.s3-us-west-2.amazonaws.com/sg2/KL-ST2_human_evaluation/highest_NN_dist000014.png,0.75,0.5,0.9,0.55,0.85
https://crw2020.s3-us-west-2.amazonaws.com/sg2/KL-ST2_human_evaluation/highest_NN_dist000020.png,0.8,0.5,0.85,0.4,0.75
https://crw2020.s3-us-west-2.amazonaws.com/sg2/KL-ST2_human_evaluation/highest_NN_dist000026.png,0.55,0.7,0.9,0.45,0.65
https://crw2020.s3-us-west-2.amazonaws.com/sg2/KL-ST2_human_evaluation/highest_NN_dist000040.png,0.75,0.55,0.7,0.55,0.55
https://crw2020.s3-us-west-2.amazonaws.com/sg2/KL-ST2_human_evaluation/highest_NN_dist000067.png,0.85,0.8,0.9,0.7,0.5
https://crw2020.s3-us-west-2.amazonaws.com/sg2/KL-ST2_human_evaluation/highest_NN_dist000068.png,0.4,0.4,0.55,0.6,0.45
https://crw2020.s3-us-west-2.amazonaws.com/sg2/KL-ST2_human_evaluation/highest_NN_dist000084.png,1.0,0.75,0.9,0.65,0.7
https://crw2020.s3-us-west-2.amazonaws.com/sg2/KL-ST2_human_evaluation/highest_NN_dist000086.png,0.45,0.6,0.8,0.65,0.45
https://crw2020.s3-us-west-2.amazonaws.com/sg2/KL-ST2_human_evaluation/highest_NN_dist000097.png,0.85,0.5,0.95,0.75,0.6
https://crw2020.s3-us-west-2.amazonaws.com/sg2/KL-ST2_human_evaluation/highest_NN_dist000101.png,0.65,0.5,0.9,0.65,0.75
https://crw2020.s3-us-west-2.amazonaws.com/sg2/KL-ST2_human_evaluation/highest_NN_dist000104.png,0.55,0.5,0.55,0.55,0.6
https://crw2020.s3-us-west-2.amazonaws.com/sg2/KL-ST2_human_evaluation/highest_NN_dist000110.png,0.5,0.55,0.65,0.5,0.7
https://crw2020.s3-us-west-2.amazonaws.com/sg2/KL-ST2_human_evaluation/highest_NN_dist000111.png,0.45,0.6,0.95,0.45,0.5
https://crw2020.s3-us-west-2.amazonaws.com/sg2/KL-ST2_human_evaluation/highest_NN_dist000115.png,0.8,0.7,0.75,0.75,0.8
https://crw2020.s3-us-west-2.amazonaws.com/sg2/KL-ST2_human_evaluation/highest_NN_dist000134.png,0.55,0.3,0.65,0.35,0.4
https://crw2020.s3-us-west-2.amazonaws.com/sg2/KL-ST2_human_evaluation/highest_NN_dist000136.png,0.5,0.6,0.85,0.45,0.35
https://crw2020.s3-us-west-2.amazonaws.com/sg2/KL-ST2_human_evaluation/highest_NN_dist000148.png,0.8,0.65,0.65,0.75,0.65
https://crw2020.s3-us-west-2.amazonaws.com/sg2/KL-ST2_human_evaluation/highest_NN_dist000155.png,0.75,0.45,0.75,0.65,0.7
https://crw2020.s3-us-west-2.amazonaws.com/sg2/KL-ST2_human_evaluation/highest_NN_dist000158.png,0.7,0.55,0.8,0.75,0.55
https://crw2020.s3-us-west-2.amazonaws.com/sg2/KL-ST2_human_evaluation/highest_NN_dist000160.png,0.4,0.45,0.7,0.55,0.6
https://crw2020.s3-us-west-2.amazonaws.com/sg2/KL-ST2_human_evaluation/highest_NN_dist000163.png,0.65,0.7,0.85,0.25,0.65
https://crw2020.s3-us-west-2.amazonaws.com/sg2/KL-ST2_human_evaluation/highest_NN_dist000177.png,0.9,0.8,0.85,0.4,0.6
https://crw2020.s3-us-west-2.amazonaws.com/sg2/KL-ST2_human_evaluation/highest_NN_dist000183.png,0.7,0.75,0.9,0.5,0.45
https://crw2020.s3-us-west-2.amazonaws.com/sg2/KL-ST2_human_evaluation/highest_NN_dist000185.png,0.65,0.65,0.8,0.6,0.65
https://crw2020.s3-us-west-2.amazonaws.com/sg2/KL-ST2_human_evaluation/highest_NN_dist000186.png,0.55,0.55,0.65,0.5,0.3
https://crw2020.s3-us-west-2.amazonaws.com/sg2/KL-ST2_human_evaluation/highest_NN_dist000218.png,0.55,0.6,0.75,0.15,0.75
https://crw2020.s3-us-west-2.amazonaws.com/sg2/KL-ST2_human_evaluation/highest_NN_dist000237.png,0.4,0.7,0.9,0.8,0.8
https://crw2020.s3-us-west-2.amazonaws.com/sg2/KL-ST2_human_evaluation/highest_NN_dist000241.png,0.95,0.55,0.85,0.7,0.65
https://crw2020.s3-us-west-2.amazonaws.com/sg2/KL-ST2_human_evaluation/highest_NN_dist000256.png,0.7,0.7,0.85,0.6,0.7
https://crw2020.s3-us-west-2.amazonaws.com/sg2/KL-ST2_human_evaluation/highest_NN_dist000259.png,0.65,0.65,0.9,0.55,0.7
https://crw2020.s3-us-west-2.amazonaws.com/sg2/KL-ST2_human_evaluation/highest_NN_dist000266.png,0.85,0.5,0.6,0.2,0.65
https://crw2020.s3-us-west-2.amazonaws.com/sg2/KL-ST2_human_evaluation/highest_NN_dist000268.png,0.6,0.7,0.9,0.65,0.75
https://crw2020.s3-us-west-2.amazonaws.com/sg2/KL-ST2_human_evaluation/highest_NN_dist000295.png,0.85,0.95,0.7,0.4,0.6
https://crw2020.s3-us-west-2.amazonaws.com/sg2/KL-ST2_human_evaluation/highest_NN_dist000306.png,0.65,0.55,0.6,0.5,0.7
https://crw2020.s3-us-west-2.amazonaws.com/sg2/KL-ST2_human_evaluation/highest_NN_dist000324.png,0.7,0.55,0.9,0.65,0.45
https://crw2020.s3-us-west-2.amazonaws.com/sg2/KL-ST2_human_evaluation/highest_NN_dist000325.png,0.35,0.85,0.65,0.5,0.5
https://crw2020.s3-us-west-2.amazonaws.com/sg2/KL-ST2_human_evaluation/highest_NN_dist000347.png,0.65,0.75,0.8,0.65,0.6
https://crw2020.s3-us-west-2.amazonaws.com/sg2/KL-ST2_human_evaluation/highest_NN_dist000350.png,0.55,0.55,0.55,0.65,0.55
https://crw2020.s3-us-west-2.amazonaws.com/sg2/KL-ST2_human_evaluation/highest_NN_dist000352.png,0.65,0.5,0.85,0.5,0.5
https://crw2020.s3-us-west-2.amazonaws.com/sg2/KL-ST2_human_evaluation/highest_NN_dist000375.png,0.65,0.45,0.5,0.55,0.65
https://crw2020.s3-us-west-2.amazonaws.com/sg2/KL-ST2_human_evaluation/highest_NN_dist000377.png,0.65,0.7,0.7,0.5,0.55
https://crw2020.s3-us-west-2.amazonaws.com/sg2/KL-ST2_human_evaluation/highest_NN_dist000380.png,0.65,0.65,0.95,0.7,0.65
https://crw2020.s3-us-west-2.amazonaws.com/sg2/KL-ST2_human_evaluation/highest_NN_dist000385.png,0.85,0.75,0.85,0.6,0.65
https://crw2020.s3-us-west-2.amazonaws.com/sg2/KL-ST2_human_evaluation/highest_NN_dist000389.png,0.8,0.65,0.6,0.1,0.65
https://crw2020.s3-us-west-2.amazonaws.com/sg2/KL-ST2_human_evaluation/highest_NN_dist000391.png,0.7,0.55,0.8,0.6,0.55
https://crw2020.s3-us-west-2.amazonaws.com/sg2/KL-ST2_human_evaluation/highest_NN_dist000407.png,0.65,0.7,0.85,0.65,0.8
https://crw2020.s3-us-west-2.amazonaws.com/sg2/KL-ST2_human_evaluation/highest_NN_dist000413.png,0.7,0.65,0.9,0.5,0.65
https://crw2020.s3-us-west-2.amazonaws.com/sg2/KL-ST2_human_evaluation/highest_NN_dist000449.png,0.85,0.7,0.85,0.6,0.75
https://crw2020.s3-us-west-2.amazonaws.com/sg2/KL-ST2_human_evaluation/highest_NN_dist000452.png,0.8,0.7,1.0,0.75,0.8
https://crw2020.s3-us-west-2.amazonaws.com/sg2/KL-ST2_human_evaluation/highest_NN_dist000461.png,0.65,0.55,0.9,0.55,0.65
https://crw2020.s3-us-west-2.amazonaws.com/sg2/KL-ST2_human_evaluation/highest_NN_dist000467.png,0.6,0.7,0.95,0.85,0.65
https://crw2020.s3-us-west-2.amazonaws.com/sg2/KL-ST2_human_evaluation/highest_NN_dist000504.png,0.75,0.4,0.65,0.75,0.6
https://crw2020.s3-us-west-2.amazonaws.com/sg2/KL-ST2_human_evaluation/highest_NN_dist000525.png,0.65,0.7,0.8,0.55,0.75
https://crw2020.s3-us-west-2.amazonaws.com/sg2/KL-ST2_human_evaluation/highest_NN_dist000532.png,0.75,0.45,0.6,0.55,0.5
https://crw2020.s3-us-west-2.amazonaws.com/sg2/KL-ST2_human_evaluation/highest_NN_dist000539.png,0.5,0.65,0.9,0.4,0.65
https://crw2020.s3-us-west-2.amazonaws.com/sg2/KL-ST2_human_evaluation/highest_NN_dist000565.png,0.55,0.6,0.6,0.55,0.6
https://crw2020.s3-us-west-2.amazonaws.com/sg2/KL-ST2_human_evaluation/highest_NN_dist000573.png,0.6,0.65,0.8,0.6,0.35
https://crw2020.s3-us-west-2.amazonaws.com/sg2/KL-ST2_human_evaluation/highest_NN_dist000574.png,0.65,0.4,0.65,0.65,0.75
https://crw2020.s3-us-west-2.amazonaws.com/sg2/KL-ST2_human_evaluation/highest_NN_dist000581.png,0.6,0.65,0.7,0.65,0.55
https://crw2020.s3-us-west-2.amazonaws.com/sg2/KL-ST2_human_evaluation/highest_NN_dist000604.png,0.75,0.6,0.7,0.6,0.8
https://crw2020.s3-us-west-2.amazonaws.com/sg2/KL-ST2_human_evaluation/highest_NN_dist000617.png,0.7,0.6,0.65,0.4,0.55
https://crw2020.s3-us-west-2.amazonaws.com/sg2/KL-ST2_human_evaluation/highest_NN_dist000621.png,0.8,0.55,0.85,0.55,0.55
https://crw2020.s3-us-west-2.amazonaws.com/sg2/KL-ST2_human_evaluation/highest_NN_dist000624.png,0.9,0.85,0.85,0.75,0.5
https://crw2020.s3-us-west-2.amazonaws.com/sg2/KL-ST2_human_evaluation/highest_NN_dist000631.png,0.7,0.45,0.95,0.8,0.8
https://crw2020.s3-us-west-2.amazonaws.com/sg2/KL-ST2_human_evaluation/highest_NN_dist000635.png,0.65,0.85,1.0,0.9,0.55
https://crw2020.s3-us-west-2.amazonaws.com/sg2/KL-ST2_human_evaluation/highest_NN_dist000638.png,0.85,0.7,0.9,0.5,0.65
https://crw2020.s3-us-west-2.amazonaws.com/sg2/KL-ST2_human_evaluation/highest_NN_dist000647.png,0.6,0.7,0.7,0.55,0.55
https://crw2020.s3-us-west-2.amazonaws.com/sg2/KL-ST2_human_evaluation/highest_NN_dist000652.png,0.8,0.75,0.75,0.35,0.6
https://crw2020.s3-us-west-2.amazonaws.com/sg2/KL-ST2_human_evaluation/highest_NN_dist000660.png,0.7,0.7,0.55,0.5,0.65
https://crw2020.s3-us-west-2.amazonaws.com/sg2/KL-ST2_human_evaluation/highest_NN_dist000665.png,0.7,0.6,0.8,0.6,0.6
https://crw2020.s3-us-west-2.amazonaws.com/sg2/KL-ST2_human_evaluation/highest_NN_dist000673.png,0.75,0.55,0.95,0.5,0.6
https://crw2020.s3-us-west-2.amazonaws.com/sg2/KL-ST2_human_evaluation/highest_NN_dist000676.png,0.7,0.7,0.95,0.7,0.85
https://crw2020.s3-us-west-2.amazonaws.com/sg2/KL-ST2_human_evaluation/highest_NN_dist000690.png,0.7,0.6,0.75,0.6,0.75
https://crw2020.s3-us-west-2.amazonaws.com/sg2/KL-ST2_human_evaluation/highest_NN_dist000694.png,0.6,0.6,0.65,0.5,0.65
https://crw2020.s3-us-west-2.amazonaws.com/sg2/KL-ST2_human_evaluation/highest_NN_dist000731.png,0.7,0.4,0.4,0.4,0.55
https://crw2020.s3-us-west-2.amazonaws.com/sg2/KL-ST2_human_evaluation/highest_NN_dist000733.png,0.6,0.55,0.8,0.45,0.45
https://crw2020.s3-us-west-2.amazonaws.com/sg2/KL-ST2_human_evaluation/highest_NN_dist000739.png,0.7,0.5,0.95,0.85,0.55
https://crw2020.s3-us-west-2.amazonaws.com/sg2/KL-ST2_human_evaluation/highest_NN_dist000764.png,0.75,0.75,0.85,0.4,0.25
https://crw2020.s3-us-west-2.amazonaws.com/sg2/KL-ST2_human_evaluation/highest_NN_dist000769.png,0.5,0.4,0.45,0.55,0.55
https://crw2020.s3-us-west-2.amazonaws.com/sg2/KL-ST2_human_evaluation/highest_NN_dist000786.png,0.6,0.45,0.65,0.65,0.5
https://crw2020.s3-us-west-2.amazonaws.com/sg2/KL-ST2_human_evaluation/highest_NN_dist000788.png,0.6,0.75,0.8,0.5,0.5
https://crw2020.s3-us-west-2.amazonaws.com/sg2/KL-ST2_human_evaluation/highest_NN_dist000789.png,0.7,0.45,0.85,0.3,0.8
https://crw2020.s3-us-west-2.amazonaws.com/sg2/KL-ST2_human_evaluation/highest_NN_dist000819.png,0.75,0.55,0.95,0.65,0.6
https://crw2020.s3-us-west-2.amazonaws.com/sg2/KL-ST2_human_evaluation/highest_NN_dist000826.png,0.75,0.65,0.7,0.5,0.6
https://crw2020.s3-us-west-2.amazonaws.com/sg2/KL-ST2_human_evaluation/highest_NN_dist000837.png,0.65,0.5,0.45,0.6,0.65
https://crw2020.s3-us-west-2.amazonaws.com/sg2/KL-ST2_human_evaluation/highest_NN_dist000849.png,0.6,0.4,0.8,0.4,0.6
https://crw2020.s3-us-west-2.amazonaws.com/sg2/KL-ST2_human_evaluation/highest_NN_dist000857.png,0.65,0.65,0.8,0.6,0.55
https://crw2020.s3-us-west-2.amazonaws.com/sg2/KL-ST2_human_evaluation/highest_NN_dist000862.png,0.7,0.65,0.55,0.55,0.65
https://crw2020.s3-us-west-2.amazonaws.com/sg2/KL-ST2_human_evaluation/highest_NN_dist000866.png,0.65,0.55,0.45,0.65,0.6
https://crw2020.s3-us-west-2.amazonaws.com/sg2/KL-ST2_human_evaluation/highest_NN_dist000868.png,0.9,0.8,0.9,0.6,0.65
https://crw2020.s3-us-west-2.amazonaws.com/sg2/KL-ST2_human_evaluation/highest_NN_dist000873.png,0.7,0.65,0.8,0.4,0.55
https://crw2020.s3-us-west-2.amazonaws.com/sg2/KL-ST2_human_evaluation/highest_NN_dist000897.png,0.8,0.5,0.75,0.45,0.7
https://crw2020.s3-us-west-2.amazonaws.com/sg2/KL-ST2_human_evaluation/highest_NN_dist000917.png,0.6,0.35,0.75,0.65,0.45
https://crw2020.s3-us-west-2.amazonaws.com/sg2/KL-ST2_human_evaluation/highest_NN_dist000921.png,0.7,0.7,0.75,0.45,0.7
https://crw2020.s3-us-west-2.amazonaws.com/sg2/KL-ST2_human_evaluation/highest_NN_dist000927.png,0.6,0.8,0.9,0.5,0.8
https://crw2020.s3-us-west-2.amazonaws.com/sg2/KL-ST2_human_evaluation/highest_NN_dist000928.png,0.65,0.55,0.55,0.45,0.75
https://crw2020.s3-us-west-2.amazonaws.com/sg2/KL-ST2_human_evaluation/highest_NN_dist000939.png,0.85,0.45,0.6,0.2,0.6
https://crw2020.s3-us-west-2.amazonaws.com/sg2/KL-ST2_human_evaluation/highest_NN_dist000943.png,0.85,0.75,0.55,0.5,0.6
https://crw2020.s3-us-west-2.amazonaws.com/sg2/KL-ST2_human_evaluation/highest_NN_dist000999.png,0.7,0.55,0.9,0.4,0.3
https://crw2020.s3-us-west-2.amazonaws.com/sg2/KL-ST2_human_evaluation/highest_shape_entropy000006.png,0.65,0.7,0.9,0.75,0.65
https://crw2020.s3-us-west-2.amazonaws.com/sg2/KL-ST2_human_evaluation/highest_shape_entropy000035.png,0.75,0.7,0.85,0.7,0.65
https://crw2020.s3-us-west-2.amazonaws.com/sg2/KL-ST2_human_evaluation/highest_shape_entropy000047.png,0.65,0.5,0.85,0.6,0.5
https://crw2020.s3-us-west-2.amazonaws.com/sg2/KL-ST2_human_evaluation/highest_shape_entropy000048.png,0.85,0.75,0.8,0.6,0.6
https://crw2020.s3-us-west-2.amazonaws.com/sg2/KL-ST2_human_evaluation/highest_shape_entropy000059.png,0.75,0.6,0.85,0.55,0.6
https://crw2020.s3-us-west-2.amazonaws.com/sg2/KL-ST2_human_evaluation/highest_shape_entropy000066.png,0.6,0.55,0.75,0.65,0.65
https://crw2020.s3-us-west-2.amazonaws.com/sg2/KL-ST2_human_evaluation/highest_shape_entropy000078.png,0.65,0.6,0.75,0.6,0.7
https://crw2020.s3-us-west-2.amazonaws.com/sg2/KL-ST2_human_evaluation/highest_shape_entropy000081.png,0.75,0.6,0.8,0.3,0.35
https://crw2020.s3-us-west-2.amazonaws.com/sg2/KL-ST2_human_evaluation/highest_shape_entropy000085.png,0.55,0.8,0.95,0.35,0.65
https://crw2020.s3-us-west-2.amazonaws.com/sg2/KL-ST2_human_evaluation/highest_shape_entropy000094.png,0.75,0.75,0.9,0.5,0.45
https://crw2020.s3-us-west-2.amazonaws.com/sg2/KL-ST2_human_evaluation/highest_shape_entropy000115.png,0.8,0.6,0.95,0.65,0.75
https://crw2020.s3-us-west-2.amazonaws.com/sg2/KL-ST2_human_evaluation/highest_shape_entropy000145.png,0.6,0.75,0.8,0.5,0.55
https://crw2020.s3-us-west-2.amazonaws.com/sg2/KL-ST2_human_evaluation/highest_shape_entropy000160.png,0.5,0.4,0.6,0.4,0.65
https://crw2020.s3-us-west-2.amazonaws.com/sg2/KL-ST2_human_evaluation/highest_shape_entropy000175.png,0.75,0.4,0.75,0.55,0.5
https://crw2020.s3-us-west-2.amazonaws.com/sg2/KL-ST2_human_evaluation/highest_shape_entropy000183.png,0.55,0.65,0.85,0.45,0.3
https://crw2020.s3-us-west-2.amazonaws.com/sg2/KL-ST2_human_evaluation/highest_shape_entropy000187.png,0.5,0.7,0.7,0.55,0.55
https://crw2020.s3-us-west-2.amazonaws.com/sg2/KL-ST2_human_evaluation/highest_shape_entropy000190.png,0.9,0.55,0.65,0.5,0.55
https://crw2020.s3-us-west-2.amazonaws.com/sg2/KL-ST2_human_evaluation/highest_shape_entropy000197.png,0.55,0.55,0.6,0.35,0.7
https://crw2020.s3-us-west-2.amazonaws.com/sg2/KL-ST2_human_evaluation/highest_shape_entropy000209.png,0.95,0.65,0.55,0.4,0.65
https://crw2020.s3-us-west-2.amazonaws.com/sg2/KL-ST2_human_evaluation/highest_shape_entropy000223.png,0.5,0.85,0.85,0.65,0.5
https://crw2020.s3-us-west-2.amazonaws.com/sg2/KL-ST2_human_evaluation/highest_shape_entropy000226.png,0.7,0.65,0.65,0.55,0.65
https://crw2020.s3-us-west-2.amazonaws.com/sg2/KL-ST2_human_evaluation/highest_shape_entropy000230.png,0.55,0.75,1.0,0.75,0.65
https://crw2020.s3-us-west-2.amazonaws.com/sg2/KL-ST2_human_evaluation/highest_shape_entropy000268.png,0.65,0.75,0.8,0.45,0.55
https://crw2020.s3-us-west-2.amazonaws.com/sg2/KL-ST2_human_evaluation/highest_shape_entropy000277.png,0.75,0.55,0.4,0.3,0.6
https://crw2020.s3-us-west-2.amazonaws.com/sg2/KL-ST2_human_evaluation/highest_shape_entropy000282.png,0.5,0.5,0.55,0.55,0.6
https://crw2020.s3-us-west-2.amazonaws.com/sg2/KL-ST2_human_evaluation/highest_shape_entropy000289.png,0.55,0.7,0.9,0.4,0.35
https://crw2020.s3-us-west-2.amazonaws.com/sg2/KL-ST2_human_evaluation/highest_shape_entropy000295.png,0.75,0.6,0.95,0.35,0.75
https://crw2020.s3-us-west-2.amazonaws.com/sg2/KL-ST2_human_evaluation/highest_shape_entropy000311.png,0.85,0.65,0.8,0.45,0.55
https://crw2020.s3-us-west-2.amazonaws.com/sg2/KL-ST2_human_evaluation/highest_shape_entropy000314.png,0.7,0.65,0.7,0.55,0.55
https://crw2020.s3-us-west-2.amazonaws.com/sg2/KL-ST2_human_evaluation/highest_shape_entropy000323.png,0.7,0.8,0.95,0.6,0.8
https://crw2020.s3-us-west-2.amazonaws.com/sg2/KL-ST2_human_evaluation/highest_shape_entropy000328.png,0.8,0.8,0.85,0.6,0.8
https://crw2020.s3-us-west-2.amazonaws.com/sg2/KL-ST2_human_evaluation/highest_shape_entropy000336.png,0.8,0.6,0.95,0.45,0.4
https://crw2020.s3-us-west-2.amazonaws.com/sg2/KL-ST2_human_evaluation/highest_shape_entropy000337.png,0.6,0.65,0.9,0.55,0.8
https://crw2020.s3-us-west-2.amazonaws.com/sg2/KL-ST2_human_evaluation/highest_shape_entropy000362.png,0.7,0.7,0.75,0.5,0.4
https://crw2020.s3-us-west-2.amazonaws.com/sg2/KL-ST2_human_evaluation/highest_shape_entropy000377.png,0.55,0.65,0.9,0.6,0.6
https://crw2020.s3-us-west-2.amazonaws.com/sg2/KL-ST2_human_evaluation/highest_shape_entropy000419.png,0.55,0.75,0.8,0.75,0.55
https://crw2020.s3-us-west-2.amazonaws.com/sg2/KL-ST2_human_evaluation/highest_shape_entropy000425.png,0.65,0.75,0.75,0.3,0.7
https://crw2020.s3-us-west-2.amazonaws.com/sg2/KL-ST2_human_evaluation/highest_shape_entropy000468.png,0.75,0.7,0.8,0.65,0.85
https://crw2020.s3-us-west-2.amazonaws.com/sg2/KL-ST2_human_evaluation/highest_shape_entropy000471.png,0.7,0.7,0.75,0.6,0.55
https://crw2020.s3-us-west-2.amazonaws.com/sg2/KL-ST2_human_evaluation/highest_shape_entropy000493.png,0.65,0.9,1.0,0.7,0.8
https://crw2020.s3-us-west-2.amazonaws.com/sg2/KL-ST2_human_evaluation/highest_shape_entropy000510.png,0.6,0.75,0.8,0.5,0.45
https://crw2020.s3-us-west-2.amazonaws.com/sg2/KL-ST2_human_evaluation/highest_shape_entropy000516.png,0.75,0.5,0.75,0.5,0.55
https://crw2020.s3-us-west-2.amazonaws.com/sg2/KL-ST2_human_evaluation/highest_shape_entropy000519.png,0.7,0.9,0.95,0.5,0.55
https://crw2020.s3-us-west-2.amazonaws.com/sg2/KL-ST2_human_evaluation/highest_shape_entropy000564.png,0.8,0.75,0.95,0.55,0.35
https://crw2020.s3-us-west-2.amazonaws.com/sg2/KL-ST2_human_evaluation/highest_shape_entropy000577.png,0.6,0.65,0.9,0.45,0.7
https://crw2020.s3-us-west-2.amazonaws.com/sg2/KL-ST2_human_evaluation/highest_shape_entropy000578.png,0.85,0.6,0.45,0.45,0.65
https://crw2020.s3-us-west-2.amazonaws.com/sg2/KL-ST2_human_evaluation/highest_shape_entropy000579.png,0.8,0.75,0.65,0.45,0.4
https://crw2020.s3-us-west-2.amazonaws.com/sg2/KL-ST2_human_evaluation/highest_shape_entropy000592.png,0.75,0.65,1.0,0.8,0.7
https://crw2020.s3-us-west-2.amazonaws.com/sg2/KL-ST2_human_evaluation/highest_shape_entropy000598.png,0.8,0.8,0.45,0.65,0.5
https://crw2020.s3-us-west-2.amazonaws.com/sg2/KL-ST2_human_evaluation/highest_shape_entropy000611.png,0.65,0.75,0.85,0.35,0.7
https://crw2020.s3-us-west-2.amazonaws.com/sg2/KL-ST2_human_evaluation/highest_shape_entropy000613.png,0.8,0.55,0.95,0.5,0.5
https://crw2020.s3-us-west-2.amazonaws.com/sg2/KL-ST2_human_evaluation/highest_shape_entropy000615.png,0.8,0.6,0.9,0.7,0.5
https://crw2020.s3-us-west-2.amazonaws.com/sg2/KL-ST2_human_evaluation/highest_shape_entropy000627.png,0.6,0.7,1.0,0.55,0.45
https://crw2020.s3-us-west-2.amazonaws.com/sg2/KL-ST2_human_evaluation/highest_shape_entropy000628.png,0.85,0.8,0.95,0.6,0.65
https://crw2020.s3-us-west-2.amazonaws.com/sg2/KL-ST2_human_evaluation/highest_shape_entropy000640.png,0.75,0.6,0.9,0.55,0.7
https://crw2020.s3-us-west-2.amazonaws.com/sg2/KL-ST2_human_evaluation/highest_shape_entropy000645.png,0.7,0.6,0.8,0.6,0.55
https://crw2020.s3-us-west-2.amazonaws.com/sg2/KL-ST2_human_evaluation/highest_shape_entropy000654.png,0.85,0.75,1.0,0.35,0.4
https://crw2020.s3-us-west-2.amazonaws.com/sg2/KL-ST2_human_evaluation/highest_shape_entropy000657.png,0.65,0.55,0.7,0.55,0.55
https://crw2020.s3-us-west-2.amazonaws.com/sg2/KL-ST2_human_evaluation/highest_shape_entropy000667.png,0.85,0.55,0.75,0.35,0.7
https://crw2020.s3-us-west-2.amazonaws.com/sg2/KL-ST2_human_evaluation/highest_shape_entropy000669.png,0.75,0.7,0.9,0.5,0.55
https://crw2020.s3-us-west-2.amazonaws.com/sg2/KL-ST2_human_evaluation/highest_shape_entropy000684.png,0.55,0.4,0.75,0.45,0.6
https://crw2020.s3-us-west-2.amazonaws.com/sg2/KL-ST2_human_evaluation/highest_shape_entropy000686.png,0.7,0.75,0.95,0.35,0.7
https://crw2020.s3-us-west-2.amazonaws.com/sg2/KL-ST2_human_evaluation/highest_shape_entropy000690.png,0.75,0.7,0.85,0.45,0.75
https://crw2020.s3-us-west-2.amazonaws.com/sg2/KL-ST2_human_evaluation/highest_shape_entropy000697.png,0.6,0.6,0.75,0.45,0.55
https://crw2020.s3-us-west-2.amazonaws.com/sg2/KL-ST2_human_evaluation/highest_shape_entropy000709.png,0.8,0.55,0.75,0.2,0.55
https://crw2020.s3-us-west-2.amazonaws.com/sg2/KL-ST2_human_evaluation/highest_shape_entropy000721.png,0.8,0.85,1.0,0.8,0.65
https://crw2020.s3-us-west-2.amazonaws.com/sg2/KL-ST2_human_evaluation/highest_shape_entropy000727.png,0.85,0.55,0.95,0.6,0.55
https://crw2020.s3-us-west-2.amazonaws.com/sg2/KL-ST2_human_evaluation/highest_shape_entropy000730.png,0.65,0.75,0.8,0.6,0.55
https://crw2020.s3-us-west-2.amazonaws.com/sg2/KL-ST2_human_evaluation/highest_shape_entropy000742.png,0.8,0.75,0.9,0.7,0.6
https://crw2020.s3-us-west-2.amazonaws.com/sg2/KL-ST2_human_evaluation/highest_shape_entropy000744.png,0.7,0.75,0.55,0.4,0.4
https://crw2020.s3-us-west-2.amazonaws.com/sg2/KL-ST2_human_evaluation/highest_shape_entropy000769.png,0.55,0.65,0.45,0.55,0.4
https://crw2020.s3-us-west-2.amazonaws.com/sg2/KL-ST2_human_evaluation/highest_shape_entropy000788.png,0.75,0.75,0.8,0.35,0.35
https://crw2020.s3-us-west-2.amazonaws.com/sg2/KL-ST2_human_evaluation/highest_shape_entropy000796.png,0.7,0.7,0.7,0.3,0.3
https://crw2020.s3-us-west-2.amazonaws.com/sg2/KL-ST2_human_evaluation/highest_shape_entropy000805.png,0.85,0.65,0.8,0.7,0.65
https://crw2020.s3-us-west-2.amazonaws.com/sg2/KL-ST2_human_evaluation/highest_shape_entropy000807.png,0.75,0.6,0.65,0.4,0.8
https://crw2020.s3-us-west-2.amazonaws.com/sg2/KL-ST2_human_evaluation/highest_shape_entropy000808.png,0.5,0.5,0.85,0.45,0.6
https://crw2020.s3-us-west-2.amazonaws.com/sg2/KL-ST2_human_evaluation/highest_shape_entropy000809.png,0.75,0.55,0.6,0.6,0.6
https://crw2020.s3-us-west-2.amazonaws.com/sg2/KL-ST2_human_evaluation/highest_shape_entropy000817.png,0.8,0.8,0.85,0.75,0.75
https://crw2020.s3-us-west-2.amazonaws.com/sg2/KL-ST2_human_evaluation/highest_shape_entropy000819.png,0.5,0.6,0.9,0.4,0.7
https://crw2020.s3-us-west-2.amazonaws.com/sg2/KL-ST2_human_evaluation/highest_shape_entropy000820.png,0.7,0.8,0.8,0.5,0.7
https://crw2020.s3-us-west-2.amazonaws.com/sg2/KL-ST2_human_evaluation/highest_shape_entropy000821.png,0.75,0.8,0.85,0.6,0.55
https://crw2020.s3-us-west-2.amazonaws.com/sg2/KL-ST2_human_evaluation/highest_shape_entropy000825.png,0.3,0.6,0.75,0.2,0.4
https://crw2020.s3-us-west-2.amazonaws.com/sg2/KL-ST2_human_evaluation/highest_shape_entropy000833.png,0.55,0.8,0.9,0.5,0.7
https://crw2020.s3-us-west-2.amazonaws.com/sg2/KL-ST2_human_evaluation/highest_shape_entropy000834.png,0.85,0.5,0.85,0.5,0.65
https://crw2020.s3-us-west-2.amazonaws.com/sg2/KL-ST2_human_evaluation/highest_shape_entropy000840.png,0.85,0.7,0.85,0.6,0.65
https://crw2020.s3-us-west-2.amazonaws.com/sg2/KL-ST2_human_evaluation/highest_shape_entropy000841.png,0.7,0.7,0.65,0.4,0.7
https://crw2020.s3-us-west-2.amazonaws.com/sg2/KL-ST2_human_evaluation/highest_shape_entropy000842.png,0.55,0.7,0.55,0.6,0.4
https://crw2020.s3-us-west-2.amazonaws.com/sg2/KL-ST2_human_evaluation/highest_shape_entropy000861.png,0.7,0.7,0.85,0.45,0.75
https://crw2020.s3-us-west-2.amazonaws.com/sg2/KL-ST2_human_evaluation/highest_shape_entropy000863.png,0.8,0.6,0.9,0.7,0.6
https://crw2020.s3-us-west-2.amazonaws.com/sg2/KL-ST2_human_evaluation/highest_shape_entropy000870.png,0.75,0.65,0.85,0.55,0.4
https://crw2020.s3-us-west-2.amazonaws.com/sg2/KL-ST2_human_evaluation/highest_shape_entropy000881.png,0.6,0.6,0.85,0.5,0.4
https://crw2020.s3-us-west-2.amazonaws.com/sg2/KL-ST2_human_evaluation/highest_shape_entropy000893.png,0.75,0.5,1.0,0.55,0.5
https://crw2020.s3-us-west-2.amazonaws.com/sg2/KL-ST2_human_evaluation/highest_shape_entropy000896.png,0.85,0.55,0.85,0.65,0.75
https://crw2020.s3-us-west-2.amazonaws.com/sg2/KL-ST2_human_evaluation/highest_shape_entropy000916.png,0.75,0.6,0.55,0.25,0.45
https://crw2020.s3-us-west-2.amazonaws.com/sg2/KL-ST2_human_evaluation/highest_shape_entropy000936.png,0.7,0.6,0.5,0.2,0.6
https://crw2020.s3-us-west-2.amazonaws.com/sg2/KL-ST2_human_evaluation/highest_shape_entropy000947.png,0.8,0.65,0.75,0.3,0.65
https://crw2020.s3-us-west-2.amazonaws.com/sg2/KL-ST2_human_evaluation/highest_shape_entropy000955.png,0.5,0.7,0.85,0.4,0.7
https://crw2020.s3-us-west-2.amazonaws.com/sg2/KL-ST2_human_evaluation/highest_shape_entropy000964.png,0.75,0.75,0.85,0.55,0.65
https://crw2020.s3-us-west-2.amazonaws.com/sg2/KL-ST2_human_evaluation/highest_shape_entropy000973.png,0.75,0.85,0.75,0.7,0.8
https://crw2020.s3-us-west-2.amazonaws.com/sg2/KL-ST2_human_evaluation/highest_shape_entropy000999.png,0.65,0.65,0.8,0.35,0.2
https://crw2020.s3-us-west-2.amazonaws.com/sg2/KL-ST2_human_evaluation/lowest_NN_dist000025.png,1.0,0.65,0.9,0.8,0.6
https://crw2020.s3-us-west-2.amazonaws.com/sg2/KL-ST2_human_evaluation/lowest_NN_dist000033.png,0.75,0.8,0.9,0.65,0.65
https://crw2020.s3-us-west-2.amazonaws.com/sg2/KL-ST2_human_evaluation/lowest_NN_dist000037.png,0.9,0.9,0.95,0.65,0.85
https://crw2020.s3-us-west-2.amazonaws.com/sg2/KL-ST2_human_evaluation/lowest_NN_dist000043.png,0.3,0.8,0.85,0.55,0.65
https://crw2020.s3-us-west-2.amazonaws.com/sg2/KL-ST2_human_evaluation/lowest_NN_dist000044.png,0.85,0.7,0.9,0.65,0.65
https://crw2020.s3-us-west-2.amazonaws.com/sg2/KL-ST2_human_evaluation/lowest_NN_dist000074.png,0.45,0.65,0.85,0.35,0.65
https://crw2020.s3-us-west-2.amazonaws.com/sg2/KL-ST2_human_evaluation/lowest_NN_dist000089.png,0.75,0.75,0.95,0.75,0.75
https://crw2020.s3-us-west-2.amazonaws.com/sg2/KL-ST2_human_evaluation/lowest_NN_dist000108.png,0.9,0.75,0.9,0.55,0.55
https://crw2020.s3-us-west-2.amazonaws.com/sg2/KL-ST2_human_evaluation/lowest_NN_dist000109.png,0.9,0.4,0.85,0.25,0.6
https://crw2020.s3-us-west-2.amazonaws.com/sg2/KL-ST2_human_evaluation/lowest_NN_dist000122.png,0.95,0.65,0.8,0.5,0.7
https://crw2020.s3-us-west-2.amazonaws.com/sg2/KL-ST2_human_evaluation/lowest_NN_dist000131.png,0.75,0.9,0.95,0.85,0.85
https://crw2020.s3-us-west-2.amazonaws.com/sg2/KL-ST2_human_evaluation/lowest_NN_dist000143.png,0.8,0.75,0.9,0.6,0.8
https://crw2020.s3-us-west-2.amazonaws.com/sg2/KL-ST2_human_evaluation/lowest_NN_dist000168.png,0.75,0.7,0.6,0.25,0.5
https://crw2020.s3-us-west-2.amazonaws.com/sg2/KL-ST2_human_evaluation/lowest_NN_dist000170.png,0.6,0.7,0.7,0.45,0.5
https://crw2020.s3-us-west-2.amazonaws.com/sg2/KL-ST2_human_evaluation/lowest_NN_dist000174.png,0.9,0.5,0.95,0.8,0.6
https://crw2020.s3-us-west-2.amazonaws.com/sg2/KL-ST2_human_evaluation/lowest_NN_dist000208.png,0.9,0.65,1.0,0.6,0.75
https://crw2020.s3-us-west-2.amazonaws.com/sg2/KL-ST2_human_evaluation/lowest_NN_dist000225.png,0.75,0.6,0.95,0.85,0.6
https://crw2020.s3-us-west-2.amazonaws.com/sg2/KL-ST2_human_evaluation/lowest_NN_dist000229.png,0.9,0.9,0.85,0.4,0.55
https://crw2020.s3-us-west-2.amazonaws.com/sg2/KL-ST2_human_evaluation/lowest_NN_dist000239.png,0.95,0.65,1.0,0.75,0.85
https://crw2020.s3-us-west-2.amazonaws.com/sg2/KL-ST2_human_evaluation/lowest_NN_dist000244.png,0.6,0.65,0.9,0.25,0.6
https://crw2020.s3-us-west-2.amazonaws.com/sg2/KL-ST2_human_evaluation/lowest_NN_dist000250.png,0.75,0.65,0.85,0.5,0.6
https://crw2020.s3-us-west-2.amazonaws.com/sg2/KL-ST2_human_evaluation/lowest_NN_dist000254.png,0.85,0.85,0.9,0.8,0.65
https://crw2020.s3-us-west-2.amazonaws.com/sg2/KL-ST2_human_evaluation/lowest_NN_dist000258.png,0.8,0.55,0.85,0.55,0.8
https://crw2020.s3-us-west-2.amazonaws.com/sg2/KL-ST2_human_evaluation/lowest_NN_dist000262.png,0.8,0.7,0.9,0.75,0.55
https://crw2020.s3-us-west-2.amazonaws.com/sg2/KL-ST2_human_evaluation/lowest_NN_dist000264.png,0.9,0.75,0.65,0.6,0.6
https://crw2020.s3-us-west-2.amazonaws.com/sg2/KL-ST2_human_evaluation/lowest_NN_dist000265.png,0.95,0.9,1.0,0.4,0.6
https://crw2020.s3-us-west-2.amazonaws.com/sg2/KL-ST2_human_evaluation/lowest_NN_dist000269.png,0.75,0.65,0.95,0.65,0.7
https://crw2020.s3-us-west-2.amazonaws.com/sg2/KL-ST2_human_evaluation/lowest_NN_dist000271.png,0.5,0.6,0.85,0.4,0.4
https://crw2020.s3-us-west-2.amazonaws.com/sg2/KL-ST2_human_evaluation/lowest_NN_dist000276.png,0.95,0.7,0.85,0.7,0.6
https://crw2020.s3-us-west-2.amazonaws.com/sg2/KL-ST2_human_evaluation/lowest_NN_dist000286.png,0.75,0.5,1.0,0.6,0.45
https://crw2020.s3-us-west-2.amazonaws.com/sg2/KL-ST2_human_evaluation/lowest_NN_dist000292.png,0.85,0.75,0.9,0.8,0.65
https://crw2020.s3-us-west-2.amazonaws.com/sg2/KL-ST2_human_evaluation/lowest_NN_dist000294.png,0.6,0.7,1.0,0.8,0.75
https://crw2020.s3-us-west-2.amazonaws.com/sg2/KL-ST2_human_evaluation/lowest_NN_dist000313.png,0.65,0.7,0.5,0.55,0.5
https://crw2020.s3-us-west-2.amazonaws.com/sg2/KL-ST2_human_evaluation/lowest_NN_dist000318.png,0.85,0.7,0.8,0.5,0.6
https://crw2020.s3-us-west-2.amazonaws.com/sg2/KL-ST2_human_evaluation/lowest_NN_dist000358.png,0.7,0.75,0.9,0.65,0.65
https://crw2020.s3-us-west-2.amazonaws.com/sg2/KL-ST2_human_evaluation/lowest_NN_dist000392.png,0.85,0.75,0.9,0.6,0.55
https://crw2020.s3-us-west-2.amazonaws.com/sg2/KL-ST2_human_evaluation/lowest_NN_dist000414.png,0.25,0.65,0.85,0.5,0.7
https://crw2020.s3-us-west-2.amazonaws.com/sg2/KL-ST2_human_evaluation/lowest_NN_dist000432.png,0.7,0.65,0.85,0.6,0.55
https://crw2020.s3-us-west-2.amazonaws.com/sg2/KL-ST2_human_evaluation/lowest_NN_dist000433.png,0.7,0.75,0.9,0.7,0.65
https://crw2020.s3-us-west-2.amazonaws.com/sg2/KL-ST2_human_evaluation/lowest_NN_dist000438.png,0.65,0.5,0.8,0.6,0.6
https://crw2020.s3-us-west-2.amazonaws.com/sg2/KL-ST2_human_evaluation/lowest_NN_dist000447.png,0.6,0.7,0.95,0.7,0.55
https://crw2020.s3-us-west-2.amazonaws.com/sg2/KL-ST2_human_evaluation/lowest_NN_dist000448.png,0.7,0.5,0.9,0.7,0.85
https://crw2020.s3-us-west-2.amazonaws.com/sg2/KL-ST2_human_evaluation/lowest_NN_dist000453.png,0.75,0.7,0.6,0.8,0.65
https://crw2020.s3-us-west-2.amazonaws.com/sg2/KL-ST2_human_evaluation/lowest_NN_dist000465.png,0.3,0.5,0.8,0.4,0.55
https://crw2020.s3-us-west-2.amazonaws.com/sg2/KL-ST2_human_evaluation/lowest_NN_dist000477.png,0.75,0.6,0.7,0.6,0.5
https://crw2020.s3-us-west-2.amazonaws.com/sg2/KL-ST2_human_evaluation/lowest_NN_dist000482.png,0.65,0.7,0.8,0.75,0.6
https://crw2020.s3-us-west-2.amazonaws.com/sg2/KL-ST2_human_evaluation/lowest_NN_dist000483.png,0.8,0.65,0.8,0.6,0.75
https://crw2020.s3-us-west-2.amazonaws.com/sg2/KL-ST2_human_evaluation/lowest_NN_dist000502.png,0.95,0.65,0.95,0.65,0.85
https://crw2020.s3-us-west-2.amazonaws.com/sg2/KL-ST2_human_evaluation/lowest_NN_dist000506.png,0.45,0.8,0.8,0.3,0.55
https://crw2020.s3-us-west-2.amazonaws.com/sg2/KL-ST2_human_evaluation/lowest_NN_dist000555.png,0.75,0.65,0.75,0.5,0.7
https://crw2020.s3-us-west-2.amazonaws.com/sg2/KL-ST2_human_evaluation/lowest_NN_dist000561.png,0.9,0.8,1.0,0.85,0.45
https://crw2020.s3-us-west-2.amazonaws.com/sg2/KL-ST2_human_evaluation/lowest_NN_dist000571.png,0.9,0.8,0.95,0.55,0.7
https://crw2020.s3-us-west-2.amazonaws.com/sg2/KL-ST2_human_evaluation/lowest_NN_dist000584.png,0.65,0.8,0.65,0.15,0.45
https://crw2020.s3-us-west-2.amazonaws.com/sg2/KL-ST2_human_evaluation/lowest_NN_dist000594.png,0.55,0.7,0.95,0.6,0.3
https://crw2020.s3-us-west-2.amazonaws.com/sg2/KL-ST2_human_evaluation/lowest_NN_dist000598.png,0.7,0.5,0.65,0.45,0.4
https://crw2020.s3-us-west-2.amazonaws.com/sg2/KL-ST2_human_evaluation/lowest_NN_dist000609.png,0.85,0.75,0.8,0.55,0.7
https://crw2020.s3-us-west-2.amazonaws.com/sg2/KL-ST2_human_evaluation/lowest_NN_dist000610.png,0.95,0.5,0.7,0.45,0.7
https://crw2020.s3-us-west-2.amazonaws.com/sg2/KL-ST2_human_evaluation/lowest_NN_dist000619.png,0.75,0.65,0.85,0.6,0.6
https://crw2020.s3-us-west-2.amazonaws.com/sg2/KL-ST2_human_evaluation/lowest_NN_dist000626.png,0.85,0.75,0.9,0.7,0.55
https://crw2020.s3-us-west-2.amazonaws.com/sg2/KL-ST2_human_evaluation/lowest_NN_dist000637.png,0.8,0.75,0.8,0.7,0.6
https://crw2020.s3-us-west-2.amazonaws.com/sg2/KL-ST2_human_evaluation/lowest_NN_dist000645.png,0.7,0.6,0.8,0.7,0.7
https://crw2020.s3-us-west-2.amazonaws.com/sg2/KL-ST2_human_evaluation/lowest_NN_dist000651.png,0.3,0.75,0.95,0.6,0.55
https://crw2020.s3-us-west-2.amazonaws.com/sg2/KL-ST2_human_evaluation/lowest_NN_dist000656.png,0.9,0.75,0.75,0.4,0.6
https://crw2020.s3-us-west-2.amazonaws.com/sg2/KL-ST2_human_evaluation/lowest_NN_dist000681.png,0.85,0.6,0.9,0.75,0.65
https://crw2020.s3-us-west-2.amazonaws.com/sg2/KL-ST2_human_evaluation/lowest_NN_dist000699.png,0.45,0.45,0.9,0.3,0.85
https://crw2020.s3-us-west-2.amazonaws.com/sg2/KL-ST2_human_evaluation/lowest_NN_dist000703.png,0.3,0.55,0.95,0.25,0.55
https://crw2020.s3-us-west-2.amazonaws.com/sg2/KL-ST2_human_evaluation/lowest_NN_dist000712.png,0.95,0.7,0.8,0.5,0.75
https://crw2020.s3-us-west-2.amazonaws.com/sg2/KL-ST2_human_evaluation/lowest_NN_dist000722.png,0.7,0.7,1.0,0.8,0.75
https://crw2020.s3-us-west-2.amazonaws.com/sg2/KL-ST2_human_evaluation/lowest_NN_dist000723.png,0.8,0.75,0.65,0.45,0.6
https://crw2020.s3-us-west-2.amazonaws.com/sg2/KL-ST2_human_evaluation/lowest_NN_dist000734.png,0.7,0.6,0.9,0.8,0.55
https://crw2020.s3-us-west-2.amazonaws.com/sg2/KL-ST2_human_evaluation/lowest_NN_dist000745.png,0.9,0.8,1.0,0.8,0.6
https://crw2020.s3-us-west-2.amazonaws.com/sg2/KL-ST2_human_evaluation/lowest_NN_dist000761.png,0.8,0.8,0.95,0.75,0.8
https://crw2020.s3-us-west-2.amazonaws.com/sg2/KL-ST2_human_evaluation/lowest_NN_dist000778.png,0.85,0.75,0.9,0.5,0.85
https://crw2020.s3-us-west-2.amazonaws.com/sg2/KL-ST2_human_evaluation/lowest_NN_dist000790.png,0.7,0.75,0.9,0.8,0.6
https://crw2020.s3-us-west-2.amazonaws.com/sg2/KL-ST2_human_evaluation/lowest_NN_dist000801.png,0.65,0.55,0.65,0.45,0.35
https://crw2020.s3-us-west-2.amazonaws.com/sg2/KL-ST2_human_evaluation/lowest_NN_dist000805.png,0.85,0.75,0.8,0.55,0.55
https://crw2020.s3-us-west-2.amazonaws.com/sg2/KL-ST2_human_evaluation/lowest_NN_dist000806.png,0.9,0.7,0.85,0.65,0.75
https://crw2020.s3-us-west-2.amazonaws.com/sg2/KL-ST2_human_evaluation/lowest_NN_dist000820.png,0.8,0.75,0.9,0.55,0.5
https://crw2020.s3-us-west-2.amazonaws.com/sg2/KL-ST2_human_evaluation/lowest_NN_dist000822.png,0.85,0.6,0.95,0.5,0.7
https://crw2020.s3-us-west-2.amazonaws.com/sg2/KL-ST2_human_evaluation/lowest_NN_dist000828.png,0.9,0.8,1.0,0.7,0.65
https://crw2020.s3-us-west-2.amazonaws.com/sg2/KL-ST2_human_evaluation/lowest_NN_dist000831.png,0.6,0.55,0.4,0.75,0.55
https://crw2020.s3-us-west-2.amazonaws.com/sg2/KL-ST2_human_evaluation/lowest_NN_dist000832.png,0.8,0.75,0.75,0.4,0.8
https://crw2020.s3-us-west-2.amazonaws.com/sg2/KL-ST2_human_evaluation/lowest_NN_dist000839.png,0.55,0.7,0.3,0.6,0.7
https://crw2020.s3-us-west-2.amazonaws.com/sg2/KL-ST2_human_evaluation/lowest_NN_dist000860.png,0.85,0.65,0.9,0.5,0.6
https://crw2020.s3-us-west-2.amazonaws.com/sg2/KL-ST2_human_evaluation/lowest_NN_dist000864.png,0.8,0.7,0.6,0.5,0.65
https://crw2020.s3-us-west-2.amazonaws.com/sg2/KL-ST2_human_evaluation/lowest_NN_dist000865.png,0.65,0.65,0.45,0.5,0.35
https://crw2020.s3-us-west-2.amazonaws.com/sg2/KL-ST2_human_evaluation/lowest_NN_dist000877.png,0.4,0.65,0.9,0.3,0.6
https://crw2020.s3-us-west-2.amazonaws.com/sg2/KL-ST2_human_evaluation/lowest_NN_dist000886.png,0.9,0.65,0.85,0.8,0.65
https://crw2020.s3-us-west-2.amazonaws.com/sg2/KL-ST2_human_evaluation/lowest_NN_dist000890.png,0.65,0.75,1.0,0.75,0.5
https://crw2020.s3-us-west-2.amazonaws.com/sg2/KL-ST2_human_evaluation/lowest_NN_dist000901.png,0.6,0.7,0.75,0.55,0.6
https://crw2020.s3-us-west-2.amazonaws.com/sg2/KL-ST2_human_evaluation/lowest_NN_dist000904.png,0.35,0.75,0.7,0.4,0.65
https://crw2020.s3-us-west-2.amazonaws.com/sg2/KL-ST2_human_evaluation/lowest_NN_dist000935.png,0.65,0.9,0.95,0.7,0.5
https://crw2020.s3-us-west-2.amazonaws.com/sg2/KL-ST2_human_evaluation/lowest_NN_dist000942.png,0.3,0.45,0.85,0.6,0.5
https://crw2020.s3-us-west-2.amazonaws.com/sg2/KL-ST2_human_evaluation/lowest_NN_dist000944.png,0.6,0.7,0.25,0.6,0.85
https://crw2020.s3-us-west-2.amazonaws.com/sg2/KL-ST2_human_evaluation/lowest_NN_dist000974.png,0.75,0.7,0.75,0.5,0.65
https://crw2020.s3-us-west-2.amazonaws.com/sg2/KL-ST2_human_evaluation/lowest_NN_dist000975.png,0.85,0.45,0.7,0.4,0.5
https://crw2020.s3-us-west-2.amazonaws.com/sg2/KL-ST2_human_evaluation/lowest_NN_dist000983.png,0.75,0.7,0.95,0.5,0.5
https://crw2020.s3-us-west-2.amazonaws.com/sg2/KL-ST2_human_evaluation/lowest_NN_dist000992.png,0.7,0.7,0.85,0.6,0.8
https://crw2020.s3-us-west-2.amazonaws.com/sg2/KL-ST2_human_evaluation/lowest_NN_dist000995.png,0.8,0.8,1.0,0.75,0.8
https://crw2020.s3-us-west-2.amazonaws.com/sg2/KL-ST2_human_evaluation/lowest_NN_dist000998.png,0.85,0.65,0.85,0.35,0.7
https://crw2020.s3-us-west-2.amazonaws.com/sg2/KL-ST2_human_evaluation/random000003.png,0.5,0.8,0.85,0.5,0.55
https://crw2020.s3-us-west-2.amazonaws.com/sg2/KL-ST2_human_evaluation/random000005.png,0.7,0.6,0.95,0.55,0.8
https://crw2020.s3-us-west-2.amazonaws.com/sg2/KL-ST2_human_evaluation/random000044.png,0.65,0.65,0.75,0.8,0.75
https://crw2020.s3-us-west-2.amazonaws.com/sg2/KL-ST2_human_evaluation/random000045.png,0.85,0.55,0.9,0.5,0.85
https://crw2020.s3-us-west-2.amazonaws.com/sg2/KL-ST2_human_evaluation/random000046.png,0.85,0.5,0.95,0.5,0.75
https://crw2020.s3-us-west-2.amazonaws.com/sg2/KL-ST2_human_evaluation/random000047.png,0.7,0.75,0.65,0.6,0.5
https://crw2020.s3-us-west-2.amazonaws.com/sg2/KL-ST2_human_evaluation/random000050.png,0.7,0.45,0.9,0.55,0.5
https://crw2020.s3-us-west-2.amazonaws.com/sg2/KL-ST2_human_evaluation/random000053.png,0.95,0.75,0.85,0.75,0.6
https://crw2020.s3-us-west-2.amazonaws.com/sg2/KL-ST2_human_evaluation/random000070.png,0.75,0.6,0.65,0.5,0.5
https://crw2020.s3-us-west-2.amazonaws.com/sg2/KL-ST2_human_evaluation/random000073.png,0.85,0.75,0.95,0.55,0.5
https://crw2020.s3-us-west-2.amazonaws.com/sg2/KL-ST2_human_evaluation/random000079.png,0.7,0.65,0.85,0.6,0.55
https://crw2020.s3-us-west-2.amazonaws.com/sg2/KL-ST2_human_evaluation/random000082.png,0.8,0.45,1.0,0.7,0.75
https://crw2020.s3-us-west-2.amazonaws.com/sg2/KL-ST2_human_evaluation/random000093.png,0.7,0.8,0.95,0.85,0.65
https://crw2020.s3-us-west-2.amazonaws.com/sg2/KL-ST2_human_evaluation/random000103.png,0.6,0.3,0.55,0.3,0.7
https://crw2020.s3-us-west-2.amazonaws.com/sg2/KL-ST2_human_evaluation/random000117.png,0.75,0.65,0.9,0.65,0.8
https://crw2020.s3-us-west-2.amazonaws.com/sg2/KL-ST2_human_evaluation/random000124.png,0.85,0.5,0.75,0.4,0.55
https://crw2020.s3-us-west-2.amazonaws.com/sg2/KL-ST2_human_evaluation/random000128.png,0.8,0.7,0.95,0.6,0.55
https://crw2020.s3-us-west-2.amazonaws.com/sg2/KL-ST2_human_evaluation/random000148.png,0.65,0.65,0.75,0.45,0.65
https://crw2020.s3-us-west-2.amazonaws.com/sg2/KL-ST2_human_evaluation/random000157.png,0.45,0.6,0.65,0.4,0.7
https://crw2020.s3-us-west-2.amazonaws.com/sg2/KL-ST2_human_evaluation/random000180.png,0.2,0.4,0.85,0.4,0.45
https://crw2020.s3-us-west-2.amazonaws.com/sg2/KL-ST2_human_evaluation/random000189.png,0.8,0.75,0.25,0.55,0.5
https://crw2020.s3-us-west-2.amazonaws.com/sg2/KL-ST2_human_evaluation/random000190.png,0.65,0.7,0.6,0.2,0.75
https://crw2020.s3-us-west-2.amazonaws.com/sg2/KL-ST2_human_evaluation/random000204.png,0.85,0.6,0.75,0.8,0.75
https://crw2020.s3-us-west-2.amazonaws.com/sg2/KL-ST2_human_evaluation/random000221.png,0.85,0.65,1.0,0.6,0.6
https://crw2020.s3-us-west-2.amazonaws.com/sg2/KL-ST2_human_evaluation/random000227.png,0.6,0.7,0.95,0.65,0.7
https://crw2020.s3-us-west-2.amazonaws.com/sg2/KL-ST2_human_evaluation/random000242.png,0.7,0.8,0.65,0.5,0.55
https://crw2020.s3-us-west-2.amazonaws.com/sg2/KL-ST2_human_evaluation/random000257.png,0.65,0.6,0.5,0.4,0.55
https://crw2020.s3-us-west-2.amazonaws.com/sg2/KL-ST2_human_evaluation/random000261.png,0.7,0.65,0.9,0.75,0.75
https://crw2020.s3-us-west-2.amazonaws.com/sg2/KL-ST2_human_evaluation/random000270.png,0.35,0.75,0.85,0.35,0.75
https://crw2020.s3-us-west-2.amazonaws.com/sg2/KL-ST2_human_evaluation/random000287.png,0.95,0.55,0.85,0.3,0.55
https://crw2020.s3-us-west-2.amazonaws.com/sg2/KL-ST2_human_evaluation/random000291.png,0.8,0.9,1.0,0.65,0.65
https://crw2020.s3-us-west-2.amazonaws.com/sg2/KL-ST2_human_evaluation/random000297.png,0.5,0.7,1.0,0.55,0.3
https://crw2020.s3-us-west-2.amazonaws.com/sg2/KL-ST2_human_evaluation/random000307.png,0.95,0.5,1.0,0.7,0.75
https://crw2020.s3-us-west-2.amazonaws.com/sg2/KL-ST2_human_evaluation/random000311.png,0.7,0.55,0.85,0.3,0.6
https://crw2020.s3-us-west-2.amazonaws.com/sg2/KL-ST2_human_evaluation/random000320.png,0.55,0.7,0.55,0.5,0.35
https://crw2020.s3-us-west-2.amazonaws.com/sg2/KL-ST2_human_evaluation/random000333.png,0.65,0.5,0.85,0.65,0.55
https://crw2020.s3-us-west-2.amazonaws.com/sg2/KL-ST2_human_evaluation/random000343.png,0.85,0.75,0.95,0.7,0.5
https://crw2020.s3-us-west-2.amazonaws.com/sg2/KL-ST2_human_evaluation/random000351.png,0.55,0.65,0.55,0.45,0.65
https://crw2020.s3-us-west-2.amazonaws.com/sg2/KL-ST2_human_evaluation/random000357.png,0.95,0.65,0.95,0.55,0.6
https://crw2020.s3-us-west-2.amazonaws.com/sg2/KL-ST2_human_evaluation/random000371.png,0.9,0.5,0.65,0.45,0.6
https://crw2020.s3-us-west-2.amazonaws.com/sg2/KL-ST2_human_evaluation/random000372.png,0.7,0.6,0.75,0.5,0.7
https://crw2020.s3-us-west-2.amazonaws.com/sg2/KL-ST2_human_evaluation/random000388.png,0.75,0.75,1.0,0.65,0.8
https://crw2020.s3-us-west-2.amazonaws.com/sg2/KL-ST2_human_evaluation/random000400.png,0.75,0.6,0.95,0.3,0.5
https://crw2020.s3-us-west-2.amazonaws.com/sg2/KL-ST2_human_evaluation/random000402.png,0.75,0.55,1.0,0.6,0.7
https://crw2020.s3-us-west-2.amazonaws.com/sg2/KL-ST2_human_evaluation/random000419.png,0.6,0.8,0.9,0.7,0.75
https://crw2020.s3-us-west-2.amazonaws.com/sg2/KL-ST2_human_evaluation/random000427.png,0.7,0.7,0.9,0.4,0.4
https://crw2020.s3-us-west-2.amazonaws.com/sg2/KL-ST2_human_evaluation/random000433.png,0.55,0.75,0.85,0.65,0.8
https://crw2020.s3-us-west-2.amazonaws.com/sg2/KL-ST2_human_evaluation/random000437.png,0.7,0.6,0.85,0.65,0.6
https://crw2020.s3-us-west-2.amazonaws.com/sg2/KL-ST2_human_evaluation/random000439.png,0.75,1.0,0.95,0.4,0.7
https://crw2020.s3-us-west-2.amazonaws.com/sg2/KL-ST2_human_evaluation/random000440.png,0.65,0.65,0.65,0.4,0.4
https://crw2020.s3-us-west-2.amazonaws.com/sg2/KL-ST2_human_evaluation/random000467.png,0.65,0.6,0.85,0.7,0.35
https://crw2020.s3-us-west-2.amazonaws.com/sg2/KL-ST2_human_evaluation/random000480.png,0.95,0.6,0.9,0.5,0.7
https://crw2020.s3-us-west-2.amazonaws.com/sg2/KL-ST2_human_evaluation/random000487.png,0.75,0.8,0.7,0.35,0.4
https://crw2020.s3-us-west-2.amazonaws.com/sg2/KL-ST2_human_evaluation/random000506.png,0.65,0.6,0.85,0.4,0.65
https://crw2020.s3-us-west-2.amazonaws.com/sg2/KL-ST2_human_evaluation/random000513.png,0.6,0.55,0.95,0.5,0.55
https://crw2020.s3-us-west-2.amazonaws.com/sg2/KL-ST2_human_evaluation/random000514.png,0.75,0.55,0.95,0.7,0.75
https://crw2020.s3-us-west-2.amazonaws.com/sg2/KL-ST2_human_evaluation/random000517.png,0.8,0.8,0.9,0.8,0.75
https://crw2020.s3-us-west-2.amazonaws.com/sg2/KL-ST2_human_evaluation/random000520.png,0.45,0.8,0.75,0.25,0.4
https://crw2020.s3-us-west-2.amazonaws.com/sg2/KL-ST2_human_evaluation/random000521.png,0.6,0.65,0.9,0.6,0.55
https://crw2020.s3-us-west-2.amazonaws.com/sg2/KL-ST2_human_evaluation/random000545.png,0.25,0.65,0.9,0.5,0.45
https://crw2020.s3-us-west-2.amazonaws.com/sg2/KL-ST2_human_evaluation/random000553.png,0.75,0.7,0.85,0.55,0.5
https://crw2020.s3-us-west-2.amazonaws.com/sg2/KL-ST2_human_evaluation/random000566.png,0.75,0.7,1.0,0.4,0.7
https://crw2020.s3-us-west-2.amazonaws.com/sg2/KL-ST2_human_evaluation/random000572.png,0.75,0.55,0.8,0.6,0.6
https://crw2020.s3-us-west-2.amazonaws.com/sg2/KL-ST2_human_evaluation/random000588.png,0.75,0.75,0.7,0.3,0.6
https://crw2020.s3-us-west-2.amazonaws.com/sg2/KL-ST2_human_evaluation/random000608.png,0.65,0.75,0.55,0.6,0.4
https://crw2020.s3-us-west-2.amazonaws.com/sg2/KL-ST2_human_evaluation/random000612.png,0.65,0.5,0.85,0.65,0.6
https://crw2020.s3-us-west-2.amazonaws.com/sg2/KL-ST2_human_evaluation/random000613.png,0.75,0.8,0.85,0.6,0.6
https://crw2020.s3-us-west-2.amazonaws.com/sg2/KL-ST2_human_evaluation/random000625.png,0.85,0.6,0.5,0.4,0.5
https://crw2020.s3-us-west-2.amazonaws.com/sg2/KL-ST2_human_evaluation/random000638.png,0.9,0.8,0.85,0.45,0.8
https://crw2020.s3-us-west-2.amazonaws.com/sg2/KL-ST2_human_evaluation/random000650.png,0.7,0.7,1.0,0.5,0.85
https://crw2020.s3-us-west-2.amazonaws.com/sg2/KL-ST2_human_evaluation/random000651.png,0.6,0.7,0.8,0.7,0.5
https://crw2020.s3-us-west-2.amazonaws.com/sg2/KL-ST2_human_evaluation/random000656.png,0.75,0.55,0.6,0.5,0.7
https://crw2020.s3-us-west-2.amazonaws.com/sg2/KL-ST2_human_evaluation/random000661.png,0.5,0.7,0.95,0.65,0.65
https://crw2020.s3-us-west-2.amazonaws.com/sg2/KL-ST2_human_evaluation/random000669.png,0.7,0.75,0.7,0.4,0.8
https://crw2020.s3-us-west-2.amazonaws.com/sg2/KL-ST2_human_evaluation/random000695.png,0.75,0.65,0.9,0.55,0.8
https://crw2020.s3-us-west-2.amazonaws.com/sg2/KL-ST2_human_evaluation/random000701.png,0.75,0.55,0.9,0.7,0.35
https://crw2020.s3-us-west-2.amazonaws.com/sg2/KL-ST2_human_evaluation/random000713.png,0.65,0.65,0.95,0.55,0.3
https://crw2020.s3-us-west-2.amazonaws.com/sg2/KL-ST2_human_evaluation/random000729.png,0.6,0.65,0.75,0.55,0.7
https://crw2020.s3-us-west-2.amazonaws.com/sg2/KL-ST2_human_evaluation/random000750.png,0.55,0.5,0.7,0.45,0.5
https://crw2020.s3-us-west-2.amazonaws.com/sg2/KL-ST2_human_evaluation/random000773.png,0.65,0.6,1.0,0.65,0.55
https://crw2020.s3-us-west-2.amazonaws.com/sg2/KL-ST2_human_evaluation/random000780.png,0.85,0.75,0.95,0.55,0.6
https://crw2020.s3-us-west-2.amazonaws.com/sg2/KL-ST2_human_evaluation/random000788.png,0.7,0.65,0.9,0.45,0.2
https://crw2020.s3-us-west-2.amazonaws.com/sg2/KL-ST2_human_evaluation/random000824.png,0.6,0.65,0.85,0.45,0.4
https://crw2020.s3-us-west-2.amazonaws.com/sg2/KL-ST2_human_evaluation/random000832.png,0.75,0.8,0.8,0.6,0.7
https://crw2020.s3-us-west-2.amazonaws.com/sg2/KL-ST2_human_evaluation/random000844.png,0.7,0.85,0.95,0.45,0.65
https://crw2020.s3-us-west-2.amazonaws.com/sg2/KL-ST2_human_evaluation/random000874.png,0.65,0.65,0.25,0.35,0.35
https://crw2020.s3-us-west-2.amazonaws.com/sg2/KL-ST2_human_evaluation/random000891.png,0.75,0.45,0.85,0.55,0.8
https://crw2020.s3-us-west-2.amazonaws.com/sg2/KL-ST2_human_evaluation/random000900.png,0.6,0.75,0.5,0.65,0.65
https://crw2020.s3-us-west-2.amazonaws.com/sg2/KL-ST2_human_evaluation/random000904.png,0.35,0.5,0.75,0.2,0.45
https://crw2020.s3-us-west-2.amazonaws.com/sg2/KL-ST2_human_evaluation/random000907.png,0.65,0.6,0.8,0.55,0.6
https://crw2020.s3-us-west-2.amazonaws.com/sg2/KL-ST2_human_evaluation/random000922.png,0.75,0.7,0.55,0.3,0.5
https://crw2020.s3-us-west-2.amazonaws.com/sg2/KL-ST2_human_evaluation/random000930.png,0.45,0.65,0.75,0.55,0.5
https://crw2020.s3-us-west-2.amazonaws.com/sg2/KL-ST2_human_evaluation/random000948.png,0.55,0.75,0.65,0.65,0.75
https://crw2020.s3-us-west-2.amazonaws.com/sg2/KL-ST2_human_evaluation/random000957.png,0.75,0.75,0.6,0.4,0.45
https://crw2020.s3-us-west-2.amazonaws.com/sg2/KL-ST2_human_evaluation/random000962.png,0.65,0.7,0.6,0.4,0.45
https://crw2020.s3-us-west-2.amazonaws.com/sg2/KL-ST2_human_evaluation/random000964.png,0.6,0.6,0.85,0.55,0.45
https://crw2020.s3-us-west-2.amazonaws.com/sg2/KL-ST2_human_evaluation/random000983.png,0.7,0.45,0.8,0.4,0.65
https://crw2020.s3-us-west-2.amazonaws.com/sg2/KL-ST2_human_evaluation/random000985.png,0.85,0.5,0.5,0.65,0.65
https://crw2020.s3-us-west-2.amazonaws.com/sg2/KL-ST2_human_evaluation/random000989.png,0.8,0.75,0.95,0.45,0.5
https://crw2020.s3-us-west-2.amazonaws.com/sg2/KL-ST2_human_evaluation/random000994.png,0.45,0.75,0.8,0.45,0.65
