Input.image,multiplicity-vs-unity,absolute-vs-relative,linearly-vs-painterly,planar-vs-recessional,closed-form-vs-open-form
https://crw2020.s3-us-west-2.amazonaws.com/sg2/Plain-ST2_human_evaluation/highest_NN_dist000005.png,0.45,0.9,0.8,0.45,0.75
https://crw2020.s3-us-west-2.amazonaws.com/sg2/Plain-ST2_human_evaluation/highest_NN_dist000018.png,0.6,0.65,0.85,0.55,0.75
https://crw2020.s3-us-west-2.amazonaws.com/sg2/Plain-ST2_human_evaluation/highest_NN_dist000043.png,0.55,0.55,0.55,0.5,0.55
https://crw2020.s3-us-west-2.amazonaws.com/sg2/Plain-ST2_human_evaluation/highest_NN_dist000051.png,0.6,1.0,0.4,0.4,0.5
https://crw2020.s3-us-west-2.amazonaws.com/sg2/Plain-ST2_human_evaluation/highest_NN_dist000052.png,0.6,0.8,0.85,0.3,0.55
https://crw2020.s3-us-west-2.amazonaws.com/sg2/Plain-ST2_human_evaluation/highest_NN_dist000054.png,0.75,0.65,0.85,0.95,0.8
https://crw2020.s3-us-west-2.amazonaws.com/sg2/Plain-ST2_human_evaluation/highest_NN_dist000065.png,0.5,0.75,0.5,0.2,0.5
https://crw2020.s3-us-west-2.amazonaws.com/sg2/Plain-ST2_human_evaluation/highest_NN_dist000071.png,0.7,0.7,0.8,0.65,0.85
https://crw2020.s3-us-west-2.amazonaws.com/sg2/Plain-ST2_human_evaluation/highest_NN_dist000077.png,0.85,0.75,0.8,0.8,0.7
https://crw2020.s3-us-west-2.amazonaws.com/sg2/Plain-ST2_human_evaluation/highest_NN_dist000092.png,0.45,0.8,0.8,0.15,0.75
https://crw2020.s3-us-west-2.amazonaws.com/sg2/Plain-ST2_human_evaluation/highest_NN_dist000093.png,0.4,0.4,0.75,0.6,0.3
https://crw2020.s3-us-west-2.amazonaws.com/sg2/Plain-ST2_human_evaluation/highest_NN_dist000098.png,0.55,0.85,0.8,0.6,0.65
https://crw2020.s3-us-west-2.amazonaws.com/sg2/Plain-ST2_human_evaluation/highest_NN_dist000101.png,0.55,0.65,0.55,0.25,0.5
https://crw2020.s3-us-west-2.amazonaws.com/sg2/Plain-ST2_human_evaluation/highest_NN_dist000129.png,0.7,0.55,0.8,0.55,0.5
https://crw2020.s3-us-west-2.amazonaws.com/sg2/Plain-ST2_human_evaluation/highest_NN_dist000133.png,0.55,0.8,0.85,0.6,0.55
https://crw2020.s3-us-west-2.amazonaws.com/sg2/Plain-ST2_human_evaluation/highest_NN_dist000151.png,0.4,0.7,0.75,0.35,0.55
https://crw2020.s3-us-west-2.amazonaws.com/sg2/Plain-ST2_human_evaluation/highest_NN_dist000165.png,0.7,0.55,0.9,0.4,0.45
https://crw2020.s3-us-west-2.amazonaws.com/sg2/Plain-ST2_human_evaluation/highest_NN_dist000166.png,0.55,0.8,0.8,0.65,0.65
https://crw2020.s3-us-west-2.amazonaws.com/sg2/Plain-ST2_human_evaluation/highest_NN_dist000168.png,0.45,0.7,0.8,0.85,0.65
https://crw2020.s3-us-west-2.amazonaws.com/sg2/Plain-ST2_human_evaluation/highest_NN_dist000175.png,0.35,0.5,0.35,0.1,0.6
https://crw2020.s3-us-west-2.amazonaws.com/sg2/Plain-ST2_human_evaluation/highest_NN_dist000179.png,0.7,0.75,0.7,0.3,0.65
https://crw2020.s3-us-west-2.amazonaws.com/sg2/Plain-ST2_human_evaluation/highest_NN_dist000185.png,0.85,0.7,0.85,0.65,0.7
https://crw2020.s3-us-west-2.amazonaws.com/sg2/Plain-ST2_human_evaluation/highest_NN_dist000187.png,0.85,0.55,0.95,0.5,0.9
https://crw2020.s3-us-west-2.amazonaws.com/sg2/Plain-ST2_human_evaluation/highest_NN_dist000198.png,0.55,0.55,0.95,0.7,0.8
https://crw2020.s3-us-west-2.amazonaws.com/sg2/Plain-ST2_human_evaluation/highest_NN_dist000208.png,0.5,0.65,0.6,0.2,0.55
https://crw2020.s3-us-west-2.amazonaws.com/sg2/Plain-ST2_human_evaluation/highest_NN_dist000220.png,0.65,0.75,0.9,0.3,0.35
https://crw2020.s3-us-west-2.amazonaws.com/sg2/Plain-ST2_human_evaluation/highest_NN_dist000225.png,0.6,0.75,0.9,0.65,0.65
https://crw2020.s3-us-west-2.amazonaws.com/sg2/Plain-ST2_human_evaluation/highest_NN_dist000230.png,0.65,0.4,0.7,0.45,0.5
https://crw2020.s3-us-west-2.amazonaws.com/sg2/Plain-ST2_human_evaluation/highest_NN_dist000236.png,0.7,0.8,0.65,0.4,0.55
https://crw2020.s3-us-west-2.amazonaws.com/sg2/Plain-ST2_human_evaluation/highest_NN_dist000237.png,0.45,0.45,0.7,0.65,0.7
https://crw2020.s3-us-west-2.amazonaws.com/sg2/Plain-ST2_human_evaluation/highest_NN_dist000254.png,0.45,0.6,0.4,0.5,0.4
https://crw2020.s3-us-west-2.amazonaws.com/sg2/Plain-ST2_human_evaluation/highest_NN_dist000259.png,0.8,0.5,0.85,0.35,0.3
https://crw2020.s3-us-west-2.amazonaws.com/sg2/Plain-ST2_human_evaluation/highest_NN_dist000261.png,0.75,0.95,0.8,0.65,0.8
https://crw2020.s3-us-west-2.amazonaws.com/sg2/Plain-ST2_human_evaluation/highest_NN_dist000268.png,0.45,0.7,0.75,0.8,0.75
https://crw2020.s3-us-west-2.amazonaws.com/sg2/Plain-ST2_human_evaluation/highest_NN_dist000276.png,0.65,0.7,0.7,0.75,0.4
https://crw2020.s3-us-west-2.amazonaws.com/sg2/Plain-ST2_human_evaluation/highest_NN_dist000280.png,0.35,0.55,0.7,0.25,0.5
https://crw2020.s3-us-west-2.amazonaws.com/sg2/Plain-ST2_human_evaluation/highest_NN_dist000303.png,0.6,0.7,0.7,0.4,0.65
https://crw2020.s3-us-west-2.amazonaws.com/sg2/Plain-ST2_human_evaluation/highest_NN_dist000311.png,0.45,0.8,0.9,0.4,0.55
https://crw2020.s3-us-west-2.amazonaws.com/sg2/Plain-ST2_human_evaluation/highest_NN_dist000316.png,0.3,0.8,0.8,0.85,0.7
https://crw2020.s3-us-west-2.amazonaws.com/sg2/Plain-ST2_human_evaluation/highest_NN_dist000331.png,0.7,0.8,0.7,0.6,0.75
https://crw2020.s3-us-west-2.amazonaws.com/sg2/Plain-ST2_human_evaluation/highest_NN_dist000337.png,0.55,0.75,0.6,0.45,0.35
https://crw2020.s3-us-west-2.amazonaws.com/sg2/Plain-ST2_human_evaluation/highest_NN_dist000339.png,0.75,0.65,0.85,0.6,0.55
https://crw2020.s3-us-west-2.amazonaws.com/sg2/Plain-ST2_human_evaluation/highest_NN_dist000366.png,0.65,0.7,0.55,0.2,0.6
https://crw2020.s3-us-west-2.amazonaws.com/sg2/Plain-ST2_human_evaluation/highest_NN_dist000378.png,0.7,0.45,0.95,0.6,0.8
https://crw2020.s3-us-west-2.amazonaws.com/sg2/Plain-ST2_human_evaluation/highest_NN_dist000399.png,0.75,0.8,0.9,0.6,0.75
https://crw2020.s3-us-west-2.amazonaws.com/sg2/Plain-ST2_human_evaluation/highest_NN_dist000406.png,0.7,0.85,0.6,0.5,0.65
https://crw2020.s3-us-west-2.amazonaws.com/sg2/Plain-ST2_human_evaluation/highest_NN_dist000423.png,0.75,0.75,0.8,0.7,0.7
https://crw2020.s3-us-west-2.amazonaws.com/sg2/Plain-ST2_human_evaluation/highest_NN_dist000428.png,0.7,0.85,0.85,0.75,0.7
https://crw2020.s3-us-west-2.amazonaws.com/sg2/Plain-ST2_human_evaluation/highest_NN_dist000430.png,0.6,0.7,0.6,0.85,0.5
https://crw2020.s3-us-west-2.amazonaws.com/sg2/Plain-ST2_human_evaluation/highest_NN_dist000454.png,0.4,0.3,0.65,0.65,0.35
https://crw2020.s3-us-west-2.amazonaws.com/sg2/Plain-ST2_human_evaluation/highest_NN_dist000461.png,0.75,0.6,0.65,0.35,0.5
https://crw2020.s3-us-west-2.amazonaws.com/sg2/Plain-ST2_human_evaluation/highest_NN_dist000469.png,0.6,0.5,0.75,0.8,0.75
https://crw2020.s3-us-west-2.amazonaws.com/sg2/Plain-ST2_human_evaluation/highest_NN_dist000493.png,0.45,0.85,0.95,0.35,0.45
https://crw2020.s3-us-west-2.amazonaws.com/sg2/Plain-ST2_human_evaluation/highest_NN_dist000533.png,0.4,0.8,0.75,0.5,0.55
https://crw2020.s3-us-west-2.amazonaws.com/sg2/Plain-ST2_human_evaluation/highest_NN_dist000561.png,0.5,0.7,0.8,0.55,0.8
https://crw2020.s3-us-west-2.amazonaws.com/sg2/Plain-ST2_human_evaluation/highest_NN_dist000562.png,0.8,0.85,0.7,0.4,0.5
https://crw2020.s3-us-west-2.amazonaws.com/sg2/Plain-ST2_human_evaluation/highest_NN_dist000586.png,0.6,0.85,0.8,0.6,0.65
https://crw2020.s3-us-west-2.amazonaws.com/sg2/Plain-ST2_human_evaluation/highest_NN_dist000598.png,0.3,0.25,0.6,0.35,0.7
https://crw2020.s3-us-west-2.amazonaws.com/sg2/Plain-ST2_human_evaluation/highest_NN_dist000603.png,0.45,0.5,0.75,0.65,0.55
https://crw2020.s3-us-west-2.amazonaws.com/sg2/Plain-ST2_human_evaluation/highest_NN_dist000615.png,0.4,0.7,0.6,0.5,0.5
https://crw2020.s3-us-west-2.amazonaws.com/sg2/Plain-ST2_human_evaluation/highest_NN_dist000625.png,0.7,0.7,0.65,0.8,0.65
https://crw2020.s3-us-west-2.amazonaws.com/sg2/Plain-ST2_human_evaluation/highest_NN_dist000636.png,0.5,0.8,0.95,0.4,0.7
https://crw2020.s3-us-west-2.amazonaws.com/sg2/Plain-ST2_human_evaluation/highest_NN_dist000641.png,0.4,0.6,0.85,0.45,0.6
https://crw2020.s3-us-west-2.amazonaws.com/sg2/Plain-ST2_human_evaluation/highest_NN_dist000656.png,0.6,0.45,0.7,0.5,0.55
https://crw2020.s3-us-west-2.amazonaws.com/sg2/Plain-ST2_human_evaluation/highest_NN_dist000673.png,0.5,0.45,0.8,0.35,0.4
https://crw2020.s3-us-west-2.amazonaws.com/sg2/Plain-ST2_human_evaluation/highest_NN_dist000683.png,0.75,0.9,0.75,0.5,0.75
https://crw2020.s3-us-west-2.amazonaws.com/sg2/Plain-ST2_human_evaluation/highest_NN_dist000716.png,0.4,0.75,0.75,0.55,0.6
https://crw2020.s3-us-west-2.amazonaws.com/sg2/Plain-ST2_human_evaluation/highest_NN_dist000729.png,0.6,0.7,0.65,0.7,0.7
https://crw2020.s3-us-west-2.amazonaws.com/sg2/Plain-ST2_human_evaluation/highest_NN_dist000750.png,0.65,0.85,0.8,0.55,0.7
https://crw2020.s3-us-west-2.amazonaws.com/sg2/Plain-ST2_human_evaluation/highest_NN_dist000752.png,0.75,0.85,0.65,0.65,0.5
https://crw2020.s3-us-west-2.amazonaws.com/sg2/Plain-ST2_human_evaluation/highest_NN_dist000768.png,0.5,0.7,0.85,0.35,0.55
https://crw2020.s3-us-west-2.amazonaws.com/sg2/Plain-ST2_human_evaluation/highest_NN_dist000772.png,0.55,0.6,0.65,0.55,0.75
https://crw2020.s3-us-west-2.amazonaws.com/sg2/Plain-ST2_human_evaluation/highest_NN_dist000787.png,0.65,0.85,0.8,0.3,0.65
https://crw2020.s3-us-west-2.amazonaws.com/sg2/Plain-ST2_human_evaluation/highest_NN_dist000788.png,0.45,0.75,0.8,0.6,0.5
https://crw2020.s3-us-west-2.amazonaws.com/sg2/Plain-ST2_human_evaluation/highest_NN_dist000794.png,0.8,0.7,0.5,0.2,0.5
https://crw2020.s3-us-west-2.amazonaws.com/sg2/Plain-ST2_human_evaluation/highest_NN_dist000799.png,0.55,0.5,0.95,0.3,0.55
https://crw2020.s3-us-west-2.amazonaws.com/sg2/Plain-ST2_human_evaluation/highest_NN_dist000808.png,0.5,0.8,0.65,0.15,0.45
https://crw2020.s3-us-west-2.amazonaws.com/sg2/Plain-ST2_human_evaluation/highest_NN_dist000809.png,0.4,0.75,0.85,0.7,0.75
https://crw2020.s3-us-west-2.amazonaws.com/sg2/Plain-ST2_human_evaluation/highest_NN_dist000819.png,0.6,0.85,0.65,0.4,0.65
https://crw2020.s3-us-west-2.amazonaws.com/sg2/Plain-ST2_human_evaluation/highest_NN_dist000820.png,0.55,0.8,0.75,0.55,0.65
https://crw2020.s3-us-west-2.amazonaws.com/sg2/Plain-ST2_human_evaluation/highest_NN_dist000822.png,0.5,0.6,0.85,0.6,0.8
https://crw2020.s3-us-west-2.amazonaws.com/sg2/Plain-ST2_human_evaluation/highest_NN_dist000825.png,0.65,0.9,0.85,0.65,0.5
https://crw2020.s3-us-west-2.amazonaws.com/sg2/Plain-ST2_human_evaluation/highest_NN_dist000842.png,0.55,0.7,0.9,0.6,0.7
https://crw2020.s3-us-west-2.amazonaws.com/sg2/Plain-ST2_human_evaluation/highest_NN_dist000875.png,0.65,0.8,0.8,0.75,0.5
https://crw2020.s3-us-west-2.amazonaws.com/sg2/Plain-ST2_human_evaluation/highest_NN_dist000879.png,0.6,0.5,0.9,0.4,0.8
https://crw2020.s3-us-west-2.amazonaws.com/sg2/Plain-ST2_human_evaluation/highest_NN_dist000893.png,0.55,0.6,0.85,0.6,0.65
https://crw2020.s3-us-west-2.amazonaws.com/sg2/Plain-ST2_human_evaluation/highest_NN_dist000895.png,0.85,0.8,0.7,0.3,0.5
https://crw2020.s3-us-west-2.amazonaws.com/sg2/Plain-ST2_human_evaluation/highest_NN_dist000906.png,0.8,0.9,0.9,0.6,0.9
https://crw2020.s3-us-west-2.amazonaws.com/sg2/Plain-ST2_human_evaluation/highest_NN_dist000928.png,0.6,0.7,0.7,0.9,0.7
https://crw2020.s3-us-west-2.amazonaws.com/sg2/Plain-ST2_human_evaluation/highest_NN_dist000932.png,0.55,0.6,0.9,0.65,0.85
https://crw2020.s3-us-west-2.amazonaws.com/sg2/Plain-ST2_human_evaluation/highest_NN_dist000938.png,0.6,0.75,0.8,0.8,0.55
https://crw2020.s3-us-west-2.amazonaws.com/sg2/Plain-ST2_human_evaluation/highest_NN_dist000943.png,0.8,0.8,0.9,0.8,0.8
https://crw2020.s3-us-west-2.amazonaws.com/sg2/Plain-ST2_human_evaluation/highest_NN_dist000948.png,0.5,0.5,0.6,0.55,0.6
https://crw2020.s3-us-west-2.amazonaws.com/sg2/Plain-ST2_human_evaluation/highest_NN_dist000951.png,0.55,0.7,0.75,0.6,0.8
https://crw2020.s3-us-west-2.amazonaws.com/sg2/Plain-ST2_human_evaluation/highest_NN_dist000952.png,0.65,0.7,0.95,0.45,0.6
https://crw2020.s3-us-west-2.amazonaws.com/sg2/Plain-ST2_human_evaluation/highest_NN_dist000962.png,0.75,0.8,0.95,0.65,0.7
https://crw2020.s3-us-west-2.amazonaws.com/sg2/Plain-ST2_human_evaluation/highest_NN_dist000964.png,0.5,0.75,0.95,0.5,0.6
https://crw2020.s3-us-west-2.amazonaws.com/sg2/Plain-ST2_human_evaluation/highest_NN_dist000968.png,0.5,0.7,0.9,0.85,0.45
https://crw2020.s3-us-west-2.amazonaws.com/sg2/Plain-ST2_human_evaluation/highest_NN_dist000993.png,0.6,0.75,0.85,0.9,0.6
https://crw2020.s3-us-west-2.amazonaws.com/sg2/Plain-ST2_human_evaluation/highest_NN_dist000999.png,0.25,0.85,0.65,0.65,0.6
https://crw2020.s3-us-west-2.amazonaws.com/sg2/Plain-ST2_human_evaluation/highest_shape_entropy000000.png,0.7,0.25,0.95,0.65,0.65
https://crw2020.s3-us-west-2.amazonaws.com/sg2/Plain-ST2_human_evaluation/highest_shape_entropy000025.png,0.45,0.45,0.95,0.4,0.5
https://crw2020.s3-us-west-2.amazonaws.com/sg2/Plain-ST2_human_evaluation/highest_shape_entropy000029.png,0.7,0.85,0.75,0.65,0.85
https://crw2020.s3-us-west-2.amazonaws.com/sg2/Plain-ST2_human_evaluation/highest_shape_entropy000041.png,0.65,0.75,0.8,0.25,0.55
https://crw2020.s3-us-west-2.amazonaws.com/sg2/Plain-ST2_human_evaluation/highest_shape_entropy000044.png,0.5,0.8,0.85,0.8,0.6
https://crw2020.s3-us-west-2.amazonaws.com/sg2/Plain-ST2_human_evaluation/highest_shape_entropy000052.png,0.75,0.85,0.7,0.65,0.7
https://crw2020.s3-us-west-2.amazonaws.com/sg2/Plain-ST2_human_evaluation/highest_shape_entropy000054.png,0.55,0.7,0.85,0.85,0.85
https://crw2020.s3-us-west-2.amazonaws.com/sg2/Plain-ST2_human_evaluation/highest_shape_entropy000057.png,0.6,0.4,0.9,0.7,0.7
https://crw2020.s3-us-west-2.amazonaws.com/sg2/Plain-ST2_human_evaluation/highest_shape_entropy000090.png,0.7,0.75,0.8,0.65,0.75
https://crw2020.s3-us-west-2.amazonaws.com/sg2/Plain-ST2_human_evaluation/highest_shape_entropy000101.png,0.6,0.5,0.8,0.15,0.5
https://crw2020.s3-us-west-2.amazonaws.com/sg2/Plain-ST2_human_evaluation/highest_shape_entropy000102.png,0.6,0.75,0.8,0.55,0.65
https://crw2020.s3-us-west-2.amazonaws.com/sg2/Plain-ST2_human_evaluation/highest_shape_entropy000108.png,0.55,0.7,0.7,0.5,0.65
https://crw2020.s3-us-west-2.amazonaws.com/sg2/Plain-ST2_human_evaluation/highest_shape_entropy000121.png,0.55,0.65,0.65,0.75,0.7
https://crw2020.s3-us-west-2.amazonaws.com/sg2/Plain-ST2_human_evaluation/highest_shape_entropy000129.png,0.75,0.85,0.65,0.6,0.35
https://crw2020.s3-us-west-2.amazonaws.com/sg2/Plain-ST2_human_evaluation/highest_shape_entropy000133.png,0.65,0.85,0.85,0.55,0.45
https://crw2020.s3-us-west-2.amazonaws.com/sg2/Plain-ST2_human_evaluation/highest_shape_entropy000148.png,0.55,0.6,0.65,0.5,0.65
https://crw2020.s3-us-west-2.amazonaws.com/sg2/Plain-ST2_human_evaluation/highest_shape_entropy000179.png,0.65,0.55,0.65,0.4,0.8
https://crw2020.s3-us-west-2.amazonaws.com/sg2/Plain-ST2_human_evaluation/highest_shape_entropy000190.png,0.85,0.5,0.8,0.4,0.6
https://crw2020.s3-us-west-2.amazonaws.com/sg2/Plain-ST2_human_evaluation/highest_shape_entropy000198.png,0.6,0.8,0.9,0.5,0.85
https://crw2020.s3-us-west-2.amazonaws.com/sg2/Plain-ST2_human_evaluation/highest_shape_entropy000231.png,0.9,0.7,0.6,0.65,0.5
https://crw2020.s3-us-west-2.amazonaws.com/sg2/Plain-ST2_human_evaluation/highest_shape_entropy000238.png,0.65,0.45,0.85,0.4,0.55
https://crw2020.s3-us-west-2.amazonaws.com/sg2/Plain-ST2_human_evaluation/highest_shape_entropy000249.png,0.4,0.75,0.6,0.4,0.8
https://crw2020.s3-us-west-2.amazonaws.com/sg2/Plain-ST2_human_evaluation/highest_shape_entropy000274.png,0.55,0.9,0.55,0.65,0.9
https://crw2020.s3-us-west-2.amazonaws.com/sg2/Plain-ST2_human_evaluation/highest_shape_entropy000291.png,0.7,0.5,0.85,0.65,0.25
https://crw2020.s3-us-west-2.amazonaws.com/sg2/Plain-ST2_human_evaluation/highest_shape_entropy000294.png,0.55,0.7,0.5,0.5,0.75
https://crw2020.s3-us-west-2.amazonaws.com/sg2/Plain-ST2_human_evaluation/highest_shape_entropy000303.png,0.55,0.9,0.95,0.8,0.65
https://crw2020.s3-us-west-2.amazonaws.com/sg2/Plain-ST2_human_evaluation/highest_shape_entropy000317.png,0.8,0.8,0.65,0.7,0.65
https://crw2020.s3-us-west-2.amazonaws.com/sg2/Plain-ST2_human_evaluation/highest_shape_entropy000319.png,0.7,0.6,0.7,0.45,0.5
https://crw2020.s3-us-west-2.amazonaws.com/sg2/Plain-ST2_human_evaluation/highest_shape_entropy000321.png,0.4,0.85,0.95,0.5,0.65
https://crw2020.s3-us-west-2.amazonaws.com/sg2/Plain-ST2_human_evaluation/highest_shape_entropy000365.png,0.85,0.65,0.65,0.25,0.75
https://crw2020.s3-us-west-2.amazonaws.com/sg2/Plain-ST2_human_evaluation/highest_shape_entropy000370.png,0.7,0.6,0.9,0.25,0.5
https://crw2020.s3-us-west-2.amazonaws.com/sg2/Plain-ST2_human_evaluation/highest_shape_entropy000385.png,0.4,0.45,0.65,0.5,0.3
https://crw2020.s3-us-west-2.amazonaws.com/sg2/Plain-ST2_human_evaluation/highest_shape_entropy000399.png,0.75,0.85,0.7,0.5,0.7
https://crw2020.s3-us-west-2.amazonaws.com/sg2/Plain-ST2_human_evaluation/highest_shape_entropy000417.png,1.0,0.5,0.75,0.35,0.45
https://crw2020.s3-us-west-2.amazonaws.com/sg2/Plain-ST2_human_evaluation/highest_shape_entropy000436.png,0.5,0.6,0.75,0.45,0.7
https://crw2020.s3-us-west-2.amazonaws.com/sg2/Plain-ST2_human_evaluation/highest_shape_entropy000437.png,0.7,0.4,1.0,0.4,0.6
https://crw2020.s3-us-west-2.amazonaws.com/sg2/Plain-ST2_human_evaluation/highest_shape_entropy000446.png,0.55,0.8,0.75,0.55,0.6
https://crw2020.s3-us-west-2.amazonaws.com/sg2/Plain-ST2_human_evaluation/highest_shape_entropy000455.png,0.4,0.85,0.45,0.35,0.55
https://crw2020.s3-us-west-2.amazonaws.com/sg2/Plain-ST2_human_evaluation/highest_shape_entropy000472.png,0.75,0.4,0.5,0.5,0.7
https://crw2020.s3-us-west-2.amazonaws.com/sg2/Plain-ST2_human_evaluation/highest_shape_entropy000476.png,0.5,0.2,0.7,0.7,0.2
https://crw2020.s3-us-west-2.amazonaws.com/sg2/Plain-ST2_human_evaluation/highest_shape_entropy000488.png,0.55,0.65,0.75,0.45,0.45
https://crw2020.s3-us-west-2.amazonaws.com/sg2/Plain-ST2_human_evaluation/highest_shape_entropy000491.png,0.5,0.35,0.75,0.45,0.55
https://crw2020.s3-us-west-2.amazonaws.com/sg2/Plain-ST2_human_evaluation/highest_shape_entropy000508.png,0.35,0.6,0.65,0.35,0.7
https://crw2020.s3-us-west-2.amazonaws.com/sg2/Plain-ST2_human_evaluation/highest_shape_entropy000509.png,0.65,0.5,0.6,0.6,0.65
https://crw2020.s3-us-west-2.amazonaws.com/sg2/Plain-ST2_human_evaluation/highest_shape_entropy000518.png,0.75,0.75,0.95,0.45,0.6
https://crw2020.s3-us-west-2.amazonaws.com/sg2/Plain-ST2_human_evaluation/highest_shape_entropy000530.png,0.65,0.75,0.7,0.5,0.75
https://crw2020.s3-us-west-2.amazonaws.com/sg2/Plain-ST2_human_evaluation/highest_shape_entropy000537.png,0.6,0.55,1.0,0.3,0.7
https://crw2020.s3-us-west-2.amazonaws.com/sg2/Plain-ST2_human_evaluation/highest_shape_entropy000542.png,0.75,0.8,0.9,0.6,0.5
https://crw2020.s3-us-west-2.amazonaws.com/sg2/Plain-ST2_human_evaluation/highest_shape_entropy000544.png,0.6,0.9,0.9,0.5,0.65
https://crw2020.s3-us-west-2.amazonaws.com/sg2/Plain-ST2_human_evaluation/highest_shape_entropy000568.png,0.55,0.4,0.8,0.45,0.65
https://crw2020.s3-us-west-2.amazonaws.com/sg2/Plain-ST2_human_evaluation/highest_shape_entropy000578.png,0.7,0.7,0.75,0.3,0.6
https://crw2020.s3-us-west-2.amazonaws.com/sg2/Plain-ST2_human_evaluation/highest_shape_entropy000580.png,0.5,0.8,1.0,0.4,0.6
https://crw2020.s3-us-west-2.amazonaws.com/sg2/Plain-ST2_human_evaluation/highest_shape_entropy000586.png,0.55,0.75,0.9,0.4,0.6
https://crw2020.s3-us-west-2.amazonaws.com/sg2/Plain-ST2_human_evaluation/highest_shape_entropy000593.png,0.65,0.7,0.85,0.4,0.5
https://crw2020.s3-us-west-2.amazonaws.com/sg2/Plain-ST2_human_evaluation/highest_shape_entropy000598.png,0.55,0.6,0.55,0.5,0.65
https://crw2020.s3-us-west-2.amazonaws.com/sg2/Plain-ST2_human_evaluation/highest_shape_entropy000603.png,0.7,0.7,0.7,0.75,0.45
https://crw2020.s3-us-west-2.amazonaws.com/sg2/Plain-ST2_human_evaluation/highest_shape_entropy000608.png,0.75,0.75,0.75,0.6,0.75
https://crw2020.s3-us-west-2.amazonaws.com/sg2/Plain-ST2_human_evaluation/highest_shape_entropy000615.png,0.75,0.35,0.6,0.5,0.5
https://crw2020.s3-us-west-2.amazonaws.com/sg2/Plain-ST2_human_evaluation/highest_shape_entropy000621.png,0.75,0.65,0.4,0.65,0.85
https://crw2020.s3-us-west-2.amazonaws.com/sg2/Plain-ST2_human_evaluation/highest_shape_entropy000625.png,0.9,0.6,0.7,0.4,0.65
https://crw2020.s3-us-west-2.amazonaws.com/sg2/Plain-ST2_human_evaluation/highest_shape_entropy000628.png,0.7,1.0,0.9,0.25,0.7
https://crw2020.s3-us-west-2.amazonaws.com/sg2/Plain-ST2_human_evaluation/highest_shape_entropy000632.png,0.5,0.8,0.6,0.6,0.8
https://crw2020.s3-us-west-2.amazonaws.com/sg2/Plain-ST2_human_evaluation/highest_shape_entropy000651.png,0.45,0.75,0.65,0.55,0.55
https://crw2020.s3-us-west-2.amazonaws.com/sg2/Plain-ST2_human_evaluation/highest_shape_entropy000655.png,0.3,0.8,0.8,0.5,0.6
https://crw2020.s3-us-west-2.amazonaws.com/sg2/Plain-ST2_human_evaluation/highest_shape_entropy000674.png,0.4,0.55,1.0,0.8,0.65
https://crw2020.s3-us-west-2.amazonaws.com/sg2/Plain-ST2_human_evaluation/highest_shape_entropy000680.png,0.6,0.5,0.85,0.7,0.75
https://crw2020.s3-us-west-2.amazonaws.com/sg2/Plain-ST2_human_evaluation/highest_shape_entropy000688.png,0.85,0.7,0.85,0.75,0.4
https://crw2020.s3-us-west-2.amazonaws.com/sg2/Plain-ST2_human_evaluation/highest_shape_entropy000698.png,0.65,0.7,0.95,0.65,0.4
https://crw2020.s3-us-west-2.amazonaws.com/sg2/Plain-ST2_human_evaluation/highest_shape_entropy000699.png,0.6,0.75,0.75,0.2,0.5
https://crw2020.s3-us-west-2.amazonaws.com/sg2/Plain-ST2_human_evaluation/highest_shape_entropy000707.png,0.6,0.95,0.75,0.5,0.55
https://crw2020.s3-us-west-2.amazonaws.com/sg2/Plain-ST2_human_evaluation/highest_shape_entropy000713.png,0.65,0.5,0.6,0.5,0.45
https://crw2020.s3-us-west-2.amazonaws.com/sg2/Plain-ST2_human_evaluation/highest_shape_entropy000716.png,0.7,0.45,0.85,0.4,0.5
https://crw2020.s3-us-west-2.amazonaws.com/sg2/Plain-ST2_human_evaluation/highest_shape_entropy000722.png,0.7,0.8,0.95,0.75,0.7
https://crw2020.s3-us-west-2.amazonaws.com/sg2/Plain-ST2_human_evaluation/highest_shape_entropy000736.png,0.65,0.8,0.85,0.55,0.6
https://crw2020.s3-us-west-2.amazonaws.com/sg2/Plain-ST2_human_evaluation/highest_shape_entropy000753.png,0.7,0.45,0.8,0.45,0.65
https://crw2020.s3-us-west-2.amazonaws.com/sg2/Plain-ST2_human_evaluation/highest_shape_entropy000754.png,0.75,0.75,0.8,0.65,0.7
https://crw2020.s3-us-west-2.amazonaws.com/sg2/Plain-ST2_human_evaluation/highest_shape_entropy000762.png,0.5,0.75,0.75,0.6,0.7
https://crw2020.s3-us-west-2.amazonaws.com/sg2/Plain-ST2_human_evaluation/highest_shape_entropy000765.png,0.7,0.7,0.8,0.55,0.75
https://crw2020.s3-us-west-2.amazonaws.com/sg2/Plain-ST2_human_evaluation/highest_shape_entropy000772.png,0.3,0.65,0.5,0.45,0.65
https://crw2020.s3-us-west-2.amazonaws.com/sg2/Plain-ST2_human_evaluation/highest_shape_entropy000804.png,0.6,0.8,0.6,0.6,0.6
https://crw2020.s3-us-west-2.amazonaws.com/sg2/Plain-ST2_human_evaluation/highest_shape_entropy000806.png,0.6,0.7,0.8,0.25,0.6
https://crw2020.s3-us-west-2.amazonaws.com/sg2/Plain-ST2_human_evaluation/highest_shape_entropy000810.png,0.8,0.85,0.65,0.6,0.3
https://crw2020.s3-us-west-2.amazonaws.com/sg2/Plain-ST2_human_evaluation/highest_shape_entropy000815.png,0.8,0.75,0.85,0.6,0.45
https://crw2020.s3-us-west-2.amazonaws.com/sg2/Plain-ST2_human_evaluation/highest_shape_entropy000819.png,0.4,0.8,0.6,0.6,0.35
https://crw2020.s3-us-west-2.amazonaws.com/sg2/Plain-ST2_human_evaluation/highest_shape_entropy000828.png,0.6,1.0,0.75,0.35,0.5
https://crw2020.s3-us-west-2.amazonaws.com/sg2/Plain-ST2_human_evaluation/highest_shape_entropy000839.png,0.45,0.75,0.3,0.15,0.3
https://crw2020.s3-us-west-2.amazonaws.com/sg2/Plain-ST2_human_evaluation/highest_shape_entropy000850.png,0.8,0.9,0.7,0.85,0.4
https://crw2020.s3-us-west-2.amazonaws.com/sg2/Plain-ST2_human_evaluation/highest_shape_entropy000852.png,0.7,0.7,0.65,0.65,0.7
https://crw2020.s3-us-west-2.amazonaws.com/sg2/Plain-ST2_human_evaluation/highest_shape_entropy000857.png,0.4,0.7,0.85,0.25,0.3
https://crw2020.s3-us-west-2.amazonaws.com/sg2/Plain-ST2_human_evaluation/highest_shape_entropy000858.png,0.85,0.5,0.8,0.6,0.6
https://crw2020.s3-us-west-2.amazonaws.com/sg2/Plain-ST2_human_evaluation/highest_shape_entropy000880.png,0.45,0.75,0.65,0.5,0.5
https://crw2020.s3-us-west-2.amazonaws.com/sg2/Plain-ST2_human_evaluation/highest_shape_entropy000895.png,0.6,0.75,0.8,0.3,0.55
https://crw2020.s3-us-west-2.amazonaws.com/sg2/Plain-ST2_human_evaluation/highest_shape_entropy000925.png,0.6,0.75,0.65,0.45,0.5
https://crw2020.s3-us-west-2.amazonaws.com/sg2/Plain-ST2_human_evaluation/highest_shape_entropy000930.png,0.75,0.9,1.0,0.35,0.85
https://crw2020.s3-us-west-2.amazonaws.com/sg2/Plain-ST2_human_evaluation/highest_shape_entropy000940.png,0.75,0.85,0.6,0.9,0.65
https://crw2020.s3-us-west-2.amazonaws.com/sg2/Plain-ST2_human_evaluation/highest_shape_entropy000950.png,0.85,0.9,0.85,0.35,0.5
https://crw2020.s3-us-west-2.amazonaws.com/sg2/Plain-ST2_human_evaluation/highest_shape_entropy000977.png,0.75,0.9,0.9,0.6,0.7
https://crw2020.s3-us-west-2.amazonaws.com/sg2/Plain-ST2_human_evaluation/highest_shape_entropy000980.png,0.3,0.5,0.45,0.3,0.4
https://crw2020.s3-us-west-2.amazonaws.com/sg2/Plain-ST2_human_evaluation/highest_shape_entropy000989.png,0.45,0.75,0.65,0.3,0.8
https://crw2020.s3-us-west-2.amazonaws.com/sg2/Plain-ST2_human_evaluation/highest_shape_entropy000990.png,0.5,0.3,0.75,0.25,0.4
https://crw2020.s3-us-west-2.amazonaws.com/sg2/Plain-ST2_human_evaluation/lowest_NN_dist000001.png,0.55,0.3,0.95,0.3,0.6
https://crw2020.s3-us-west-2.amazonaws.com/sg2/Plain-ST2_human_evaluation/lowest_NN_dist000003.png,0.45,0.7,0.8,0.6,0.5
https://crw2020.s3-us-west-2.amazonaws.com/sg2/Plain-ST2_human_evaluation/lowest_NN_dist000008.png,0.65,0.85,0.75,0.7,0.75
https://crw2020.s3-us-west-2.amazonaws.com/sg2/Plain-ST2_human_evaluation/lowest_NN_dist000021.png,0.55,0.85,0.85,0.75,0.8
https://crw2020.s3-us-west-2.amazonaws.com/sg2/Plain-ST2_human_evaluation/lowest_NN_dist000024.png,0.6,0.2,0.8,0.15,0.6
https://crw2020.s3-us-west-2.amazonaws.com/sg2/Plain-ST2_human_evaluation/lowest_NN_dist000063.png,0.8,0.95,0.9,0.8,0.65
https://crw2020.s3-us-west-2.amazonaws.com/sg2/Plain-ST2_human_evaluation/lowest_NN_dist000066.png,0.8,0.6,0.95,0.75,0.5
https://crw2020.s3-us-west-2.amazonaws.com/sg2/Plain-ST2_human_evaluation/lowest_NN_dist000080.png,0.45,1.0,0.8,0.55,0.75
https://crw2020.s3-us-west-2.amazonaws.com/sg2/Plain-ST2_human_evaluation/lowest_NN_dist000084.png,0.55,0.8,1.0,0.45,0.65
https://crw2020.s3-us-west-2.amazonaws.com/sg2/Plain-ST2_human_evaluation/lowest_NN_dist000109.png,0.65,0.85,0.85,0.5,0.5
https://crw2020.s3-us-west-2.amazonaws.com/sg2/Plain-ST2_human_evaluation/lowest_NN_dist000131.png,0.85,0.95,0.75,0.9,0.75
https://crw2020.s3-us-west-2.amazonaws.com/sg2/Plain-ST2_human_evaluation/lowest_NN_dist000140.png,0.85,0.8,0.75,0.4,0.7
https://crw2020.s3-us-west-2.amazonaws.com/sg2/Plain-ST2_human_evaluation/lowest_NN_dist000146.png,0.55,0.9,0.75,0.35,0.75
https://crw2020.s3-us-west-2.amazonaws.com/sg2/Plain-ST2_human_evaluation/lowest_NN_dist000147.png,0.9,0.65,0.95,0.75,0.75
https://crw2020.s3-us-west-2.amazonaws.com/sg2/Plain-ST2_human_evaluation/lowest_NN_dist000162.png,0.65,0.6,0.65,0.5,0.7
https://crw2020.s3-us-west-2.amazonaws.com/sg2/Plain-ST2_human_evaluation/lowest_NN_dist000212.png,0.75,0.8,0.9,0.8,0.85
https://crw2020.s3-us-west-2.amazonaws.com/sg2/Plain-ST2_human_evaluation/lowest_NN_dist000216.png,0.25,0.6,0.55,0.35,0.45
https://crw2020.s3-us-west-2.amazonaws.com/sg2/Plain-ST2_human_evaluation/lowest_NN_dist000222.png,0.7,0.8,0.85,1.0,0.65
https://crw2020.s3-us-west-2.amazonaws.com/sg2/Plain-ST2_human_evaluation/lowest_NN_dist000275.png,0.45,0.4,0.8,0.55,0.5
https://crw2020.s3-us-west-2.amazonaws.com/sg2/Plain-ST2_human_evaluation/lowest_NN_dist000290.png,0.5,0.8,0.9,0.75,0.65
https://crw2020.s3-us-west-2.amazonaws.com/sg2/Plain-ST2_human_evaluation/lowest_NN_dist000293.png,0.8,0.7,0.85,0.55,0.7
https://crw2020.s3-us-west-2.amazonaws.com/sg2/Plain-ST2_human_evaluation/lowest_NN_dist000297.png,0.75,0.75,0.85,0.65,0.85
https://crw2020.s3-us-west-2.amazonaws.com/sg2/Plain-ST2_human_evaluation/lowest_NN_dist000310.png,0.65,0.85,1.0,0.65,0.8
https://crw2020.s3-us-west-2.amazonaws.com/sg2/Plain-ST2_human_evaluation/lowest_NN_dist000313.png,0.65,0.9,0.65,0.35,0.55
https://crw2020.s3-us-west-2.amazonaws.com/sg2/Plain-ST2_human_evaluation/lowest_NN_dist000323.png,0.7,1.0,0.95,0.4,0.75
https://crw2020.s3-us-west-2.amazonaws.com/sg2/Plain-ST2_human_evaluation/lowest_NN_dist000324.png,0.25,0.4,0.8,0.4,0.35
https://crw2020.s3-us-west-2.amazonaws.com/sg2/Plain-ST2_human_evaluation/lowest_NN_dist000325.png,0.65,0.65,0.55,0.4,0.75
https://crw2020.s3-us-west-2.amazonaws.com/sg2/Plain-ST2_human_evaluation/lowest_NN_dist000329.png,0.55,0.75,1.0,0.85,0.6
https://crw2020.s3-us-west-2.amazonaws.com/sg2/Plain-ST2_human_evaluation/lowest_NN_dist000354.png,0.9,0.75,1.0,0.8,0.7
https://crw2020.s3-us-west-2.amazonaws.com/sg2/Plain-ST2_human_evaluation/lowest_NN_dist000362.png,0.55,0.9,0.75,0.55,0.8
https://crw2020.s3-us-west-2.amazonaws.com/sg2/Plain-ST2_human_evaluation/lowest_NN_dist000386.png,0.8,0.25,0.9,0.65,0.65
https://crw2020.s3-us-west-2.amazonaws.com/sg2/Plain-ST2_human_evaluation/lowest_NN_dist000387.png,0.35,0.55,0.8,0.8,0.65
https://crw2020.s3-us-west-2.amazonaws.com/sg2/Plain-ST2_human_evaluation/lowest_NN_dist000401.png,0.7,0.9,0.95,0.45,0.7
https://crw2020.s3-us-west-2.amazonaws.com/sg2/Plain-ST2_human_evaluation/lowest_NN_dist000416.png,0.6,0.75,0.9,0.55,0.7
https://crw2020.s3-us-west-2.amazonaws.com/sg2/Plain-ST2_human_evaluation/lowest_NN_dist000421.png,0.4,0.1,0.7,0.25,0.6
https://crw2020.s3-us-west-2.amazonaws.com/sg2/Plain-ST2_human_evaluation/lowest_NN_dist000427.png,0.8,0.8,0.75,0.55,0.75
https://crw2020.s3-us-west-2.amazonaws.com/sg2/Plain-ST2_human_evaluation/lowest_NN_dist000459.png,0.15,0.7,0.8,0.55,0.5
https://crw2020.s3-us-west-2.amazonaws.com/sg2/Plain-ST2_human_evaluation/lowest_NN_dist000460.png,0.15,0.35,0.6,0.45,0.65
https://crw2020.s3-us-west-2.amazonaws.com/sg2/Plain-ST2_human_evaluation/lowest_NN_dist000470.png,0.85,0.9,0.95,0.4,0.55
https://crw2020.s3-us-west-2.amazonaws.com/sg2/Plain-ST2_human_evaluation/lowest_NN_dist000489.png,0.5,0.7,0.8,0.65,0.75
https://crw2020.s3-us-west-2.amazonaws.com/sg2/Plain-ST2_human_evaluation/lowest_NN_dist000501.png,0.4,0.65,0.7,0.3,0.45
https://crw2020.s3-us-west-2.amazonaws.com/sg2/Plain-ST2_human_evaluation/lowest_NN_dist000514.png,0.6,0.85,0.75,0.35,0.4
https://crw2020.s3-us-west-2.amazonaws.com/sg2/Plain-ST2_human_evaluation/lowest_NN_dist000516.png,0.7,0.75,0.95,0.75,0.7
https://crw2020.s3-us-west-2.amazonaws.com/sg2/Plain-ST2_human_evaluation/lowest_NN_dist000518.png,0.75,0.85,1.0,0.65,0.8
https://crw2020.s3-us-west-2.amazonaws.com/sg2/Plain-ST2_human_evaluation/lowest_NN_dist000526.png,0.75,0.6,0.95,0.65,0.75
https://crw2020.s3-us-west-2.amazonaws.com/sg2/Plain-ST2_human_evaluation/lowest_NN_dist000528.png,0.6,0.85,0.95,0.25,0.75
https://crw2020.s3-us-west-2.amazonaws.com/sg2/Plain-ST2_human_evaluation/lowest_NN_dist000529.png,0.5,0.9,0.8,0.7,0.75
https://crw2020.s3-us-west-2.amazonaws.com/sg2/Plain-ST2_human_evaluation/lowest_NN_dist000530.png,0.7,0.85,0.8,0.45,0.65
https://crw2020.s3-us-west-2.amazonaws.com/sg2/Plain-ST2_human_evaluation/lowest_NN_dist000531.png,0.6,0.75,0.75,0.2,0.5
https://crw2020.s3-us-west-2.amazonaws.com/sg2/Plain-ST2_human_evaluation/lowest_NN_dist000553.png,0.6,0.8,1.0,0.6,0.65
https://crw2020.s3-us-west-2.amazonaws.com/sg2/Plain-ST2_human_evaluation/lowest_NN_dist000563.png,0.4,0.95,0.9,0.9,0.65
https://crw2020.s3-us-west-2.amazonaws.com/sg2/Plain-ST2_human_evaluation/lowest_NN_dist000564.png,0.9,0.8,0.8,0.35,0.7
https://crw2020.s3-us-west-2.amazonaws.com/sg2/Plain-ST2_human_evaluation/lowest_NN_dist000565.png,0.65,0.9,0.8,0.55,0.6
https://crw2020.s3-us-west-2.amazonaws.com/sg2/Plain-ST2_human_evaluation/lowest_NN_dist000566.png,0.55,0.6,0.95,0.85,0.6
https://crw2020.s3-us-west-2.amazonaws.com/sg2/Plain-ST2_human_evaluation/lowest_NN_dist000572.png,0.5,0.7,0.95,0.7,0.85
https://crw2020.s3-us-west-2.amazonaws.com/sg2/Plain-ST2_human_evaluation/lowest_NN_dist000578.png,0.75,0.7,0.7,0.2,0.25
https://crw2020.s3-us-west-2.amazonaws.com/sg2/Plain-ST2_human_evaluation/lowest_NN_dist000609.png,0.6,0.55,0.5,0.15,0.55
https://crw2020.s3-us-west-2.amazonaws.com/sg2/Plain-ST2_human_evaluation/lowest_NN_dist000612.png,0.6,0.95,0.9,0.6,0.8
https://crw2020.s3-us-west-2.amazonaws.com/sg2/Plain-ST2_human_evaluation/lowest_NN_dist000626.png,0.7,0.85,0.9,0.7,0.6
https://crw2020.s3-us-west-2.amazonaws.com/sg2/Plain-ST2_human_evaluation/lowest_NN_dist000631.png,0.8,0.5,0.95,0.9,0.7
https://crw2020.s3-us-west-2.amazonaws.com/sg2/Plain-ST2_human_evaluation/lowest_NN_dist000662.png,0.8,0.8,0.9,0.35,0.5
https://crw2020.s3-us-west-2.amazonaws.com/sg2/Plain-ST2_human_evaluation/lowest_NN_dist000687.png,0.65,0.9,0.9,0.4,0.6
https://crw2020.s3-us-west-2.amazonaws.com/sg2/Plain-ST2_human_evaluation/lowest_NN_dist000694.png,0.75,0.9,1.0,0.6,0.55
https://crw2020.s3-us-west-2.amazonaws.com/sg2/Plain-ST2_human_evaluation/lowest_NN_dist000714.png,0.65,0.75,0.7,0.65,0.5
https://crw2020.s3-us-west-2.amazonaws.com/sg2/Plain-ST2_human_evaluation/lowest_NN_dist000720.png,0.6,0.9,0.8,0.65,0.8
https://crw2020.s3-us-west-2.amazonaws.com/sg2/Plain-ST2_human_evaluation/lowest_NN_dist000735.png,0.5,0.95,0.85,0.55,0.7
https://crw2020.s3-us-west-2.amazonaws.com/sg2/Plain-ST2_human_evaluation/lowest_NN_dist000740.png,0.65,0.85,0.95,0.45,0.55
https://crw2020.s3-us-west-2.amazonaws.com/sg2/Plain-ST2_human_evaluation/lowest_NN_dist000742.png,0.5,0.75,0.75,0.45,0.7
https://crw2020.s3-us-west-2.amazonaws.com/sg2/Plain-ST2_human_evaluation/lowest_NN_dist000746.png,0.75,0.75,0.85,0.45,0.7
https://crw2020.s3-us-west-2.amazonaws.com/sg2/Plain-ST2_human_evaluation/lowest_NN_dist000769.png,0.55,0.75,0.8,0.8,0.75
https://crw2020.s3-us-west-2.amazonaws.com/sg2/Plain-ST2_human_evaluation/lowest_NN_dist000771.png,0.55,0.9,0.8,0.5,0.6
https://crw2020.s3-us-west-2.amazonaws.com/sg2/Plain-ST2_human_evaluation/lowest_NN_dist000779.png,0.5,0.75,0.85,0.7,0.55
https://crw2020.s3-us-west-2.amazonaws.com/sg2/Plain-ST2_human_evaluation/lowest_NN_dist000793.png,0.7,0.65,0.9,0.75,0.75
https://crw2020.s3-us-west-2.amazonaws.com/sg2/Plain-ST2_human_evaluation/lowest_NN_dist000797.png,0.7,0.9,0.9,0.65,0.55
https://crw2020.s3-us-west-2.amazonaws.com/sg2/Plain-ST2_human_evaluation/lowest_NN_dist000798.png,0.7,0.9,0.75,0.55,0.65
https://crw2020.s3-us-west-2.amazonaws.com/sg2/Plain-ST2_human_evaluation/lowest_NN_dist000814.png,0.75,0.6,0.65,0.3,0.4
https://crw2020.s3-us-west-2.amazonaws.com/sg2/Plain-ST2_human_evaluation/lowest_NN_dist000821.png,0.75,0.85,0.95,0.4,0.7
https://crw2020.s3-us-west-2.amazonaws.com/sg2/Plain-ST2_human_evaluation/lowest_NN_dist000835.png,0.5,0.85,0.95,0.6,0.85
https://crw2020.s3-us-west-2.amazonaws.com/sg2/Plain-ST2_human_evaluation/lowest_NN_dist000838.png,0.75,0.8,0.8,0.5,0.55
https://crw2020.s3-us-west-2.amazonaws.com/sg2/Plain-ST2_human_evaluation/lowest_NN_dist000839.png,0.8,0.6,0.35,0.2,0.45
https://crw2020.s3-us-west-2.amazonaws.com/sg2/Plain-ST2_human_evaluation/lowest_NN_dist000846.png,0.85,0.85,0.9,0.45,0.55
https://crw2020.s3-us-west-2.amazonaws.com/sg2/Plain-ST2_human_evaluation/lowest_NN_dist000853.png,0.7,0.9,0.8,0.55,0.6
https://crw2020.s3-us-west-2.amazonaws.com/sg2/Plain-ST2_human_evaluation/lowest_NN_dist000855.png,0.65,0.8,0.85,0.65,0.9
https://crw2020.s3-us-west-2.amazonaws.com/sg2/Plain-ST2_human_evaluation/lowest_NN_dist000859.png,0.4,0.95,0.9,0.55,0.8
https://crw2020.s3-us-west-2.amazonaws.com/sg2/Plain-ST2_human_evaluation/lowest_NN_dist000864.png,0.95,0.8,0.9,0.55,0.55
https://crw2020.s3-us-west-2.amazonaws.com/sg2/Plain-ST2_human_evaluation/lowest_NN_dist000867.png,0.45,0.75,0.55,0.55,0.65
https://crw2020.s3-us-west-2.amazonaws.com/sg2/Plain-ST2_human_evaluation/lowest_NN_dist000883.png,0.9,0.75,0.75,0.5,0.7
https://crw2020.s3-us-west-2.amazonaws.com/sg2/Plain-ST2_human_evaluation/lowest_NN_dist000885.png,0.6,0.8,1.0,0.6,0.65
https://crw2020.s3-us-west-2.amazonaws.com/sg2/Plain-ST2_human_evaluation/lowest_NN_dist000886.png,0.45,0.6,0.8,0.35,0.8
https://crw2020.s3-us-west-2.amazonaws.com/sg2/Plain-ST2_human_evaluation/lowest_NN_dist000891.png,0.5,0.5,0.85,0.4,0.5
https://crw2020.s3-us-west-2.amazonaws.com/sg2/Plain-ST2_human_evaluation/lowest_NN_dist000903.png,0.9,0.85,0.9,0.65,0.75
https://crw2020.s3-us-west-2.amazonaws.com/sg2/Plain-ST2_human_evaluation/lowest_NN_dist000920.png,0.65,0.8,0.9,0.65,0.75
https://crw2020.s3-us-west-2.amazonaws.com/sg2/Plain-ST2_human_evaluation/lowest_NN_dist000924.png,0.7,0.6,0.75,0.45,0.4
https://crw2020.s3-us-west-2.amazonaws.com/sg2/Plain-ST2_human_evaluation/lowest_NN_dist000926.png,0.3,0.4,0.4,0.3,0.6
https://crw2020.s3-us-west-2.amazonaws.com/sg2/Plain-ST2_human_evaluation/lowest_NN_dist000941.png,0.5,0.95,1.0,0.65,0.7
https://crw2020.s3-us-west-2.amazonaws.com/sg2/Plain-ST2_human_evaluation/lowest_NN_dist000949.png,0.75,0.7,0.8,0.65,0.6
https://crw2020.s3-us-west-2.amazonaws.com/sg2/Plain-ST2_human_evaluation/lowest_NN_dist000963.png,0.75,0.95,1.0,0.45,0.85
https://crw2020.s3-us-west-2.amazonaws.com/sg2/Plain-ST2_human_evaluation/lowest_NN_dist000966.png,0.7,0.8,0.85,0.65,0.85
https://crw2020.s3-us-west-2.amazonaws.com/sg2/Plain-ST2_human_evaluation/lowest_NN_dist000969.png,0.9,0.9,0.7,0.7,0.8
https://crw2020.s3-us-west-2.amazonaws.com/sg2/Plain-ST2_human_evaluation/lowest_NN_dist000991.png,0.55,0.8,0.95,0.5,0.75
https://crw2020.s3-us-west-2.amazonaws.com/sg2/Plain-ST2_human_evaluation/random000001.png,0.6,0.55,0.9,0.25,0.7
https://crw2020.s3-us-west-2.amazonaws.com/sg2/Plain-ST2_human_evaluation/random000008.png,0.45,0.85,0.95,0.3,0.8
https://crw2020.s3-us-west-2.amazonaws.com/sg2/Plain-ST2_human_evaluation/random000022.png,0.6,0.8,0.9,0.45,0.85
https://crw2020.s3-us-west-2.amazonaws.com/sg2/Plain-ST2_human_evaluation/random000028.png,0.3,0.3,0.65,0.45,0.6
https://crw2020.s3-us-west-2.amazonaws.com/sg2/Plain-ST2_human_evaluation/random000040.png,0.4,0.95,0.95,0.4,0.6
https://crw2020.s3-us-west-2.amazonaws.com/sg2/Plain-ST2_human_evaluation/random000053.png,0.8,0.8,0.95,0.35,0.65
https://crw2020.s3-us-west-2.amazonaws.com/sg2/Plain-ST2_human_evaluation/random000069.png,0.65,0.15,0.55,0.3,0.6
https://crw2020.s3-us-west-2.amazonaws.com/sg2/Plain-ST2_human_evaluation/random000084.png,0.6,0.55,0.8,0.9,0.75
https://crw2020.s3-us-west-2.amazonaws.com/sg2/Plain-ST2_human_evaluation/random000088.png,0.8,0.65,0.6,0.6,0.5
https://crw2020.s3-us-west-2.amazonaws.com/sg2/Plain-ST2_human_evaluation/random000096.png,0.55,0.7,0.85,0.75,0.9
https://crw2020.s3-us-west-2.amazonaws.com/sg2/Plain-ST2_human_evaluation/random000099.png,0.65,0.55,1.0,0.25,0.6
https://crw2020.s3-us-west-2.amazonaws.com/sg2/Plain-ST2_human_evaluation/random000109.png,0.65,0.9,0.7,0.4,0.75
https://crw2020.s3-us-west-2.amazonaws.com/sg2/Plain-ST2_human_evaluation/random000121.png,0.65,0.8,0.5,0.6,0.85
https://crw2020.s3-us-west-2.amazonaws.com/sg2/Plain-ST2_human_evaluation/random000145.png,0.5,0.6,0.5,0.45,0.5
https://crw2020.s3-us-west-2.amazonaws.com/sg2/Plain-ST2_human_evaluation/random000158.png,0.65,0.95,0.7,0.55,0.15
https://crw2020.s3-us-west-2.amazonaws.com/sg2/Plain-ST2_human_evaluation/random000185.png,0.75,0.55,0.95,0.65,0.55
https://crw2020.s3-us-west-2.amazonaws.com/sg2/Plain-ST2_human_evaluation/random000212.png,0.35,0.85,0.8,0.75,0.65
https://crw2020.s3-us-west-2.amazonaws.com/sg2/Plain-ST2_human_evaluation/random000215.png,0.55,0.9,0.75,0.55,0.75
https://crw2020.s3-us-west-2.amazonaws.com/sg2/Plain-ST2_human_evaluation/random000219.png,0.85,0.8,0.95,0.6,0.7
https://crw2020.s3-us-west-2.amazonaws.com/sg2/Plain-ST2_human_evaluation/random000222.png,0.8,0.95,0.8,0.85,0.75
https://crw2020.s3-us-west-2.amazonaws.com/sg2/Plain-ST2_human_evaluation/random000232.png,0.6,0.4,0.95,0.5,0.65
https://crw2020.s3-us-west-2.amazonaws.com/sg2/Plain-ST2_human_evaluation/random000249.png,0.45,0.7,0.65,0.3,0.7
https://crw2020.s3-us-west-2.amazonaws.com/sg2/Plain-ST2_human_evaluation/random000262.png,0.5,0.65,0.8,0.75,0.8
https://crw2020.s3-us-west-2.amazonaws.com/sg2/Plain-ST2_human_evaluation/random000268.png,0.45,0.65,0.85,0.5,0.7
https://crw2020.s3-us-west-2.amazonaws.com/sg2/Plain-ST2_human_evaluation/random000272.png,0.55,0.6,0.65,0.75,0.6
https://crw2020.s3-us-west-2.amazonaws.com/sg2/Plain-ST2_human_evaluation/random000293.png,0.55,0.75,0.85,0.7,0.7
https://crw2020.s3-us-west-2.amazonaws.com/sg2/Plain-ST2_human_evaluation/random000296.png,0.55,0.7,0.85,0.3,0.6
https://crw2020.s3-us-west-2.amazonaws.com/sg2/Plain-ST2_human_evaluation/random000299.png,0.75,0.65,0.95,0.7,0.8
https://crw2020.s3-us-west-2.amazonaws.com/sg2/Plain-ST2_human_evaluation/random000328.png,0.6,0.75,0.7,0.6,0.8
https://crw2020.s3-us-west-2.amazonaws.com/sg2/Plain-ST2_human_evaluation/random000331.png,0.55,0.65,0.6,0.3,0.55
https://crw2020.s3-us-west-2.amazonaws.com/sg2/Plain-ST2_human_evaluation/random000365.png,0.85,0.9,0.8,0.3,0.6
https://crw2020.s3-us-west-2.amazonaws.com/sg2/Plain-ST2_human_evaluation/random000371.png,0.65,0.8,0.9,0.6,0.6
https://crw2020.s3-us-west-2.amazonaws.com/sg2/Plain-ST2_human_evaluation/random000378.png,0.65,0.65,0.85,0.5,0.65
https://crw2020.s3-us-west-2.amazonaws.com/sg2/Plain-ST2_human_evaluation/random000381.png,0.55,0.55,0.9,0.5,0.8
https://crw2020.s3-us-west-2.amazonaws.com/sg2/Plain-ST2_human_evaluation/random000401.png,0.8,0.9,1.0,0.55,0.75
https://crw2020.s3-us-west-2.amazonaws.com/sg2/Plain-ST2_human_evaluation/random000434.png,0.8,1.0,0.8,0.6,0.6
https://crw2020.s3-us-west-2.amazonaws.com/sg2/Plain-ST2_human_evaluation/random000445.png,0.55,0.9,0.9,0.7,0.4
https://crw2020.s3-us-west-2.amazonaws.com/sg2/Plain-ST2_human_evaluation/random000448.png,0.65,0.8,0.65,0.7,0.75
https://crw2020.s3-us-west-2.amazonaws.com/sg2/Plain-ST2_human_evaluation/random000455.png,0.55,0.8,0.7,0.45,0.5
https://crw2020.s3-us-west-2.amazonaws.com/sg2/Plain-ST2_human_evaluation/random000490.png,0.35,0.45,0.75,0.6,0.55
https://crw2020.s3-us-west-2.amazonaws.com/sg2/Plain-ST2_human_evaluation/random000496.png,0.4,0.2,0.8,0.55,0.55
https://crw2020.s3-us-west-2.amazonaws.com/sg2/Plain-ST2_human_evaluation/random000514.png,0.45,1.0,0.9,0.3,0.5
https://crw2020.s3-us-west-2.amazonaws.com/sg2/Plain-ST2_human_evaluation/random000529.png,0.65,1.0,1.0,0.65,0.45
https://crw2020.s3-us-west-2.amazonaws.com/sg2/Plain-ST2_human_evaluation/random000538.png,0.6,0.7,0.7,0.2,0.3
https://crw2020.s3-us-west-2.amazonaws.com/sg2/Plain-ST2_human_evaluation/random000539.png,0.85,0.65,0.85,0.7,0.4
https://crw2020.s3-us-west-2.amazonaws.com/sg2/Plain-ST2_human_evaluation/random000545.png,0.7,0.7,0.75,0.2,0.65
https://crw2020.s3-us-west-2.amazonaws.com/sg2/Plain-ST2_human_evaluation/random000547.png,0.75,0.85,1.0,0.75,0.8
https://crw2020.s3-us-west-2.amazonaws.com/sg2/Plain-ST2_human_evaluation/random000555.png,0.75,0.75,1.0,0.5,0.8
https://crw2020.s3-us-west-2.amazonaws.com/sg2/Plain-ST2_human_evaluation/random000560.png,0.65,0.65,0.95,0.3,0.75
https://crw2020.s3-us-west-2.amazonaws.com/sg2/Plain-ST2_human_evaluation/random000570.png,0.5,0.65,0.85,0.8,0.6
https://crw2020.s3-us-west-2.amazonaws.com/sg2/Plain-ST2_human_evaluation/random000572.png,0.55,0.85,1.0,0.6,0.65
https://crw2020.s3-us-west-2.amazonaws.com/sg2/Plain-ST2_human_evaluation/random000581.png,0.35,0.45,0.8,0.4,0.65
https://crw2020.s3-us-west-2.amazonaws.com/sg2/Plain-ST2_human_evaluation/random000583.png,0.75,0.55,0.85,0.6,0.6
https://crw2020.s3-us-west-2.amazonaws.com/sg2/Plain-ST2_human_evaluation/random000587.png,0.8,1.0,0.95,0.95,0.8
https://crw2020.s3-us-west-2.amazonaws.com/sg2/Plain-ST2_human_evaluation/random000590.png,0.65,0.8,0.8,0.65,0.6
https://crw2020.s3-us-west-2.amazonaws.com/sg2/Plain-ST2_human_evaluation/random000600.png,0.55,0.75,0.95,0.75,0.6
https://crw2020.s3-us-west-2.amazonaws.com/sg2/Plain-ST2_human_evaluation/random000625.png,0.8,0.95,0.8,0.7,0.65
https://crw2020.s3-us-west-2.amazonaws.com/sg2/Plain-ST2_human_evaluation/random000633.png,0.85,0.8,1.0,0.8,0.65
https://crw2020.s3-us-west-2.amazonaws.com/sg2/Plain-ST2_human_evaluation/random000634.png,0.95,0.45,0.85,0.7,0.55
https://crw2020.s3-us-west-2.amazonaws.com/sg2/Plain-ST2_human_evaluation/random000640.png,0.65,0.65,0.85,0.7,0.7
https://crw2020.s3-us-west-2.amazonaws.com/sg2/Plain-ST2_human_evaluation/random000643.png,0.7,0.75,1.0,0.7,0.9
https://crw2020.s3-us-west-2.amazonaws.com/sg2/Plain-ST2_human_evaluation/random000654.png,0.45,0.35,0.9,0.2,0.7
https://crw2020.s3-us-west-2.amazonaws.com/sg2/Plain-ST2_human_evaluation/random000659.png,0.8,0.75,0.85,0.65,0.65
https://crw2020.s3-us-west-2.amazonaws.com/sg2/Plain-ST2_human_evaluation/random000666.png,0.7,0.95,1.0,0.6,0.75
https://crw2020.s3-us-west-2.amazonaws.com/sg2/Plain-ST2_human_evaluation/random000668.png,0.4,0.95,0.95,0.5,0.6
https://crw2020.s3-us-west-2.amazonaws.com/sg2/Plain-ST2_human_evaluation/random000671.png,0.3,0.5,0.2,0.5,0.7
https://crw2020.s3-us-west-2.amazonaws.com/sg2/Plain-ST2_human_evaluation/random000695.png,0.75,0.9,0.8,0.4,0.7
https://crw2020.s3-us-west-2.amazonaws.com/sg2/Plain-ST2_human_evaluation/random000709.png,0.7,0.4,0.7,0.5,0.65
https://crw2020.s3-us-west-2.amazonaws.com/sg2/Plain-ST2_human_evaluation/random000726.png,0.6,0.9,0.85,0.4,0.75
https://crw2020.s3-us-west-2.amazonaws.com/sg2/Plain-ST2_human_evaluation/random000741.png,0.5,0.65,0.6,0.65,0.8
https://crw2020.s3-us-west-2.amazonaws.com/sg2/Plain-ST2_human_evaluation/random000751.png,0.8,0.85,0.6,0.6,0.65
https://crw2020.s3-us-west-2.amazonaws.com/sg2/Plain-ST2_human_evaluation/random000770.png,0.6,0.55,0.9,0.5,0.7
https://crw2020.s3-us-west-2.amazonaws.com/sg2/Plain-ST2_human_evaluation/random000774.png,0.7,0.95,0.75,0.7,0.55
https://crw2020.s3-us-west-2.amazonaws.com/sg2/Plain-ST2_human_evaluation/random000795.png,0.7,0.75,0.95,0.5,0.5
https://crw2020.s3-us-west-2.amazonaws.com/sg2/Plain-ST2_human_evaluation/random000810.png,0.55,0.65,0.5,0.4,0.5
https://crw2020.s3-us-west-2.amazonaws.com/sg2/Plain-ST2_human_evaluation/random000814.png,0.7,0.45,0.55,0.15,0.35
https://crw2020.s3-us-west-2.amazonaws.com/sg2/Plain-ST2_human_evaluation/random000816.png,0.65,0.8,0.75,0.45,0.65
https://crw2020.s3-us-west-2.amazonaws.com/sg2/Plain-ST2_human_evaluation/random000823.png,0.7,0.75,1.0,0.75,0.75
https://crw2020.s3-us-west-2.amazonaws.com/sg2/Plain-ST2_human_evaluation/random000839.png,0.5,0.6,0.5,0.3,0.55
https://crw2020.s3-us-west-2.amazonaws.com/sg2/Plain-ST2_human_evaluation/random000847.png,0.9,0.35,0.95,0.45,0.45
https://crw2020.s3-us-west-2.amazonaws.com/sg2/Plain-ST2_human_evaluation/random000856.png,0.75,0.65,0.85,0.4,0.65
https://crw2020.s3-us-west-2.amazonaws.com/sg2/Plain-ST2_human_evaluation/random000857.png,0.7,0.7,0.65,0.35,0.55
https://crw2020.s3-us-west-2.amazonaws.com/sg2/Plain-ST2_human_evaluation/random000879.png,0.75,0.55,0.75,0.6,0.65
https://crw2020.s3-us-west-2.amazonaws.com/sg2/Plain-ST2_human_evaluation/random000881.png,0.65,0.75,0.8,0.35,0.7
https://crw2020.s3-us-west-2.amazonaws.com/sg2/Plain-ST2_human_evaluation/random000884.png,0.75,0.8,0.7,0.55,0.4
https://crw2020.s3-us-west-2.amazonaws.com/sg2/Plain-ST2_human_evaluation/random000886.png,0.55,0.9,0.95,0.5,0.8
https://crw2020.s3-us-west-2.amazonaws.com/sg2/Plain-ST2_human_evaluation/random000887.png,0.4,0.7,0.9,0.3,0.9
https://crw2020.s3-us-west-2.amazonaws.com/sg2/Plain-ST2_human_evaluation/random000890.png,0.6,0.4,0.75,0.55,0.45
https://crw2020.s3-us-west-2.amazonaws.com/sg2/Plain-ST2_human_evaluation/random000892.png,0.65,0.5,0.95,0.7,0.65
https://crw2020.s3-us-west-2.amazonaws.com/sg2/Plain-ST2_human_evaluation/random000907.png,0.5,0.45,0.4,0.6,0.55
https://crw2020.s3-us-west-2.amazonaws.com/sg2/Plain-ST2_human_evaluation/random000924.png,0.45,0.95,0.8,0.6,0.75
https://crw2020.s3-us-west-2.amazonaws.com/sg2/Plain-ST2_human_evaluation/random000925.png,0.4,0.75,0.5,0.45,0.6
https://crw2020.s3-us-west-2.amazonaws.com/sg2/Plain-ST2_human_evaluation/random000945.png,0.7,0.8,0.75,0.35,0.7
https://crw2020.s3-us-west-2.amazonaws.com/sg2/Plain-ST2_human_evaluation/random000949.png,0.55,0.9,0.95,0.6,0.7
https://crw2020.s3-us-west-2.amazonaws.com/sg2/Plain-ST2_human_evaluation/random000970.png,0.5,0.55,0.8,0.75,0.55
https://crw2020.s3-us-west-2.amazonaws.com/sg2/Plain-ST2_human_evaluation/random000973.png,0.75,0.65,0.95,0.55,0.7
https://crw2020.s3-us-west-2.amazonaws.com/sg2/Plain-ST2_human_evaluation/random000974.png,0.55,0.8,0.8,0.65,0.75
https://crw2020.s3-us-west-2.amazonaws.com/sg2/Plain-ST2_human_evaluation/random000977.png,0.8,0.75,0.8,0.65,0.8
https://crw2020.s3-us-west-2.amazonaws.com/sg2/Plain-ST2_human_evaluation/random000988.png,0.4,0.4,1.0,0.45,0.5
https://crw2020.s3-us-west-2.amazonaws.com/sg2/Plain-ST2_human_evaluation/random000992.png,0.6,0.55,0.85,0.6,0.55
